"Name","Activity type","Description"
"01/08/2012 19:13","",""

"Segment","Point","Latitude (deg)","Longitude (deg)","Altitude (m)","Bearing (deg)","Accuracy (m)","Speed (m/s)","Time","Power (W)","Cadence (rpm)","Heart rate (bpm)","Battery level (%)"
"1","1","37.412021","-122.057838","-6.800000190734863","78.0999984741211","8","2.2361","2012-08-02T02:14:21.626Z",,,,
"1","2","37.412043","-122.057774","-17.700000762939453","69.0999984741211","9","3","2012-08-02T02:14:25.000Z",,,,
"1","3","37.412022","-122.057687","-25.0","77.30000305175781","10","3","2012-08-02T02:14:28.000Z",,,,
"1","4","37.412024","-122.057628","-28.100000381469727","65.5999984741211","7","3.25","2012-08-02T02:14:30.000Z",,,,
"1","5","37.412046","-122.05757","-28.399999618530273","69.19999694824219","6","3.25","2012-08-02T02:14:32.000Z",,,,
"1","6","37.412065","-122.057508","-28.399999618530273","77.9000015258789","6","2.75","2012-08-02T02:14:34.000Z",,,,
"1","7","37.412088","-122.057451","-27.399999618530273","116.30000305175781","3","2.5","2012-08-02T02:14:36.000Z",,,,
"1","8","37.412053","-122.057402","-28.5","155.10000610351563","4","2.25","2012-08-02T02:14:39.000Z",,,,
"1","9","37.412003","-122.057384","-28.899999618530273","156.89999389648438","4","2.75","2012-08-02T02:14:41.000Z",,,,
"1","10","37.411943","-122.057362","-29.200000762939453","159.89999389648438","3","3","2012-08-02T02:14:43.000Z",,,,
"1","11","37.411886","-122.057343","-28.600000381469727","164.39999389648438","5","2.75","2012-08-02T02:14:45.000Z",,,,
"1","12","37.411823","-122.057315","-25.100000381469727","156.0","4","3.2016","2012-08-02T02:14:47.000Z",,,,
"1","13","37.411773","-122.057288","-27.0","152.8000030517578","4","2.9262","2012-08-02T02:14:49.000Z",,,,
"1","14","37.411719","-122.05727","-27.700000762939453","165.10000610351563","4","2.75","2012-08-02T02:14:51.000Z",,,,
"1","15","37.411668","-122.057247","-27.700000762939453","154.39999389648438","4","2.75","2012-08-02T02:14:53.000Z",,,,
"1","16","37.411622","-122.057226","-28.799999237060547","158.0","6","2.5","2012-08-02T02:14:55.000Z",,,,
"1","17","37.411559","-122.057191","-29.799999237060547","154.60000610351563","4","3.5","2012-08-02T02:14:57.000Z",,,,
"1","18","37.411511","-122.057152","-29.700000762939453","149.6999969482422","6","3","2012-08-02T02:14:59.000Z",,,,
"1","19","37.41146","-122.057112","-29.200000762939453","154.3000030517578","5","2.5495","2012-08-02T02:15:01.000Z",,,,
"1","20","37.411415","-122.057075","-25.799999237060547","170.10000610351563","5","2.25","2012-08-02T02:15:03.000Z",,,,
"1","21","37.411372","-122.05705","-25.299999237060547","170.39999389648438","5","2.25","2012-08-02T02:15:05.000Z",,,,
"1","22","37.411326","-122.057028","-24.299999237060547","166.5","5","2.5","2012-08-02T02:15:07.000Z",,,,
"1","23","37.411279","-122.056996","-22.799999237060547","159.5","4","2.5","2012-08-02T02:15:09.000Z",,,,
"1","24","37.411232","-122.05697","-21.899999618530273","168.10000610351563","4","2.5","2012-08-02T02:15:11.000Z",,,,
"1","25","37.411177","-122.056948","-22.100000381469727","166.6999969482422","7","3","2012-08-02T02:15:13.000Z",,,,
"1","26","37.411126","-122.056916","-22.100000381469727","157.0","5","2.75","2012-08-02T02:15:15.000Z",,,,
"1","27","37.411076","-122.056902","-23.200000762939453","162.39999389648438","4","2.75","2012-08-02T02:15:17.000Z",,,,
"1","28","37.411021","-122.056885","-23.399999618530273","164.89999389648438","4","3","2012-08-02T02:15:19.000Z",,,,
"1","29","37.410965","-122.056879","-22.600000381469727","174.6999969482422","4","2.75","2012-08-02T02:15:21.000Z",,,,
"1","30","37.410905","-122.05686","-23.700000762939453","153.6999969482422","3","3.5355","2012-08-02T02:15:23.000Z",,,,
"1","31","37.410846","-122.056833","-24.200000762939453","159.60000610351563","3","3.25","2012-08-02T02:15:25.000Z",,,,
"1","32","37.410795","-122.0568","-24.5","155.10000610351563","5","3","2012-08-02T02:15:27.000Z",,,,
"1","33","37.410738","-122.056764","-26.0","153.1999969482422","3","3.0414","2012-08-02T02:15:29.000Z",,,,
"1","34","37.410682","-122.056736","-27.200000762939453","160.10000610351563","4","3","2012-08-02T02:15:31.000Z",,,,
"1","35","37.410634","-122.056692","-27.899999618530273","159.6999969482422","4","2.5","2012-08-02T02:15:33.000Z",,,,
"1","36","37.410591","-122.056669","-27.899999618530273","166.60000610351563","5","2.25","2012-08-02T02:15:35.000Z",,,,
"1","37","37.410535","-122.056643","-26.700000762939453","169.60000610351563","4","3","2012-08-02T02:15:37.000Z",,,,
"1","38","37.41048","-122.056623","-26.200000762939453","164.3000030517578","4","2.75","2012-08-02T02:15:39.000Z",,,,
"1","39","37.41043","-122.056604","-27.200000762939453","164.1999969482422","4","2.25","2012-08-02T02:15:41.000Z",,,,
"1","40","37.41037","-122.056568","-24.600000381469727","158.0","4","2.25","2012-08-02T02:15:44.000Z",,,,
"1","41","37.410313","-122.056539","-24.700000762939453","168.10000610351563","4","2","2012-08-02T02:15:47.000Z",,,,
"1","42","37.410266","-122.056508","-23.5","156.60000610351563","3","2.5","2012-08-02T02:15:49.000Z",,,,
"1","43","37.410222","-122.056469","-23.700000762939453","148.8000030517578","4","2.25","2012-08-02T02:15:51.000Z",,,,
"1","44","37.41019","-122.056414","-24.299999237060547","122.0","4","2.3049","2012-08-02T02:15:53.000Z",,,,
"1","45","37.410178","-122.056337","-26.0","97.30000305175781","5","3.4004","2012-08-02T02:15:55.000Z",,,,
"1","46","37.410176","-122.056268","-27.5","81.9000015258789","3","3.25","2012-08-02T02:15:57.000Z",,,,
"1","47","37.410194","-122.056191","-27.799999237060547","67.19999694824219","4","3.25","2012-08-02T02:15:59.000Z",,,,
"1","48","37.410225","-122.056115","-27.100000381469727","56.599998474121094","3","3.5","2012-08-02T02:16:01.000Z",,,,
"1","49","37.410254","-122.056037","-25.399999618530273","70.4000015258789","4","3.7832","2012-08-02T02:16:03.000Z",,,,
"1","50","37.410294","-122.055966","-24.700000762939453","64.0","3","3.5","2012-08-02T02:16:05.000Z",,,,
"1","51","37.410324","-122.055889","-24.700000762939453","64.5","4","3.75","2012-08-02T02:16:07.000Z",,,,
"1","52","37.410351","-122.05581","-25.100000381469727","62.599998474121094","3","4.0311","2012-08-02T02:16:09.000Z",,,,
"1","53","37.410376","-122.05573","-24.899999618530273","67.69999694824219","4","3.5","2012-08-02T02:16:11.000Z",,,,
"1","54","37.410401","-122.055646","-24.600000381469727","69.9000015258789","3","3.75","2012-08-02T02:16:13.000Z",,,,
"1","55","37.41042","-122.055565","-25.100000381469727","68.4000015258789","3","3.5","2012-08-02T02:16:15.000Z",,,,
"1","56","37.41044","-122.055487","-25.399999618530273","67.0","3","3.75","2012-08-02T02:16:17.000Z",,,,
"1","57","37.410463","-122.055406","-25.399999618530273","68.5999984741211","4","3.75","2012-08-02T02:16:19.000Z",,,,
"1","58","37.410487","-122.055327","-26.0","65.30000305175781","3","3.75","2012-08-02T02:16:21.000Z",,,,
"1","59","37.410508","-122.055244","-25.899999618530273","70.5999984741211","4","3.75","2012-08-02T02:16:23.000Z",,,,
"1","60","37.410529","-122.055163","-25.100000381469727","68.80000305175781","3","3.7832","2012-08-02T02:16:25.000Z",,,,
"1","61","37.410556","-122.055078","-26.899999618530273","65.9000015258789","4","4","2012-08-02T02:16:27.000Z",,,,
"1","62","37.410575","-122.054997","-28.700000762939453","71.0","4","4","2012-08-02T02:16:29.000Z",,,,
"1","63","37.410597","-122.054914","-29.0","72.5","3","4","2012-08-02T02:16:31.000Z",,,,
"1","64","37.410618","-122.05483","-28.899999618530273","72.19999694824219","4","4","2012-08-02T02:16:33.000Z",,,,
"1","65","37.410643","-122.054745","-28.799999237060547","67.80000305175781","3","4","2012-08-02T02:16:35.000Z",,,,
"1","66","37.410669","-122.054657","-29.100000381469727","72.0999984741211","4","4.25","2012-08-02T02:16:37.000Z",,,,
"1","67","37.410702","-122.054569","-28.299999237060547","70.0999984741211","4","4.25","2012-08-02T02:16:39.000Z",,,,
"1","68","37.410729","-122.054484","-29.799999237060547","69.9000015258789","5","4.25","2012-08-02T02:16:41.000Z",,,,
"1","69","37.410759","-122.054396","-29.700000762939453","70.0","4","4.25","2012-08-02T02:16:43.000Z",,,,
"1","70","37.410789","-122.054308","-30.0","68.69999694824219","6","4.25","2012-08-02T02:16:45.000Z",,,,
"1","71","37.410835","-122.05421","-29.600000381469727","62.5","4","4.7762","2012-08-02T02:16:47.000Z",,,,
"1","72","37.410882","-122.054119","-29.0","61.599998474121094","4","4.5","2012-08-02T02:16:49.000Z",,,,
"1","73","37.41092","-122.054033","-27.899999618530273","66.5999984741211","4","4","2012-08-02T02:16:51.000Z",,,,
"1","74","37.410946","-122.053948","-28.200000762939453","73.5999984741211","6","4","2012-08-02T02:16:53.000Z",,,,
"1","75","37.41098","-122.053877","-30.100000381469727","76.30000305175781","5","3.5355","2012-08-02T02:16:55.000Z",,,,
"1","76","37.411012","-122.053807","-30.0","64.19999694824219","6","3.75","2012-08-02T02:16:57.000Z",,,,
"1","77","37.41105","-122.053736","-29.200000762939453","65.80000305175781","5","4","2012-08-02T02:16:59.000Z",,,,
"1","78","37.411079","-122.053659","-29.100000381469727","68.30000305175781","8","3.75","2012-08-02T02:17:01.000Z",,,,
"1","79","37.411106","-122.053581","-29.100000381469727","70.4000015258789","9","3.75","2012-08-02T02:17:03.000Z",,,,
"1","80","37.411163","-122.053526","-23.299999237060547","60.20000076293945","6","5.8149","2012-08-02T02:17:04.000Z",,,,
"1","81","37.411193","-122.053452","-23.799999237060547","56.599998474121094","5","3.7832","2012-08-02T02:17:06.000Z",,,,
"1","82","37.411141","-122.05337","-24.299999237060547","109.19999694824219","5","3.5","2012-08-02T02:17:08.000Z",,,,
"1","83","37.41106","-122.053316","-26.399999618530273","122.9000015258789","5","3","2012-08-02T02:17:10.000Z",,,,
"1","84","37.411005","-122.053258","-26.600000381469727","130.1999969482422","6","3.25","2012-08-02T02:17:12.000Z",,,,
"1","85","37.41094","-122.053233","-27.799999237060547","147.89999389648438","5","3.2882","2012-08-02T02:17:14.000Z",,,,
"1","86","37.410874","-122.053203","-28.5","153.3000030517578","5","3.5","2012-08-02T02:17:16.000Z",,,,
"1","87","37.410805","-122.053168","-30.700000762939453","159.10000610351563","4","3.5355","2012-08-02T02:17:18.000Z",,,,
"1","88","37.410746","-122.053139","-31.399999618530273","158.60000610351563","5","3.5355","2012-08-02T02:17:20.000Z",,,,
"1","89","37.410687","-122.053117","-31.399999618530273","165.5","4","2.75","2012-08-02T02:17:22.000Z",,,,
"1","90","37.410627","-122.053093","-33.099998474121094","159.1999969482422","4","3.5","2012-08-02T02:17:24.000Z",,,,
"1","91","37.410572","-122.053066","-31.899999618530273","155.89999389648438","4","3.1623","2012-08-02T02:17:26.000Z",,,,
"1","92","37.410515","-122.053043","-31.600000381469727","160.60000610351563","4","3.0414","2012-08-02T02:17:28.000Z",,,,
"1","93","37.410467","-122.053009","-32.5","150.10000610351563","5","3","2012-08-02T02:17:30.000Z",,,,
"1","94","37.410417","-122.052977","-32.099998474121094","158.5","4","2.75","2012-08-02T02:17:32.000Z",,,,
"1","95","37.410367","-122.052951","-30.5","156.3000030517578","4","2.7951","2012-08-02T02:17:34.000Z",,,,
"1","96","37.410321","-122.052929","-29.399999618530273","160.39999389648438","5","2.7951","2012-08-02T02:17:36.000Z",,,,
"1","97","37.41027","-122.052904","-30.299999237060547","160.1999969482422","4","3.0414","2012-08-02T02:17:38.000Z",,,,
"1","98","37.410217","-122.052874","-29.600000381469727","153.10000610351563","5","3.25","2012-08-02T02:17:40.000Z",,,,
"1","99","37.410163","-122.052841","-29.700000762939453","152.60000610351563","6","3.25","2012-08-02T02:17:42.000Z",,,,
"1","100","37.4101","-122.05281","-29.299999237060547","161.60000610351563","5","3.5","2012-08-02T02:17:44.000Z",,,,
"1","101","37.410045","-122.05277","-26.100000381469727","152.1999969482422","4","3.25","2012-08-02T02:17:46.000Z",,,,
"1","102","37.409993","-122.05275","-23.799999237060547","174.5","3","2.7951","2012-08-02T02:17:48.000Z",,,,
"1","103","37.409943","-122.052741","-25.5","172.6999969482422","4","2.75","2012-08-02T02:17:50.000Z",,,,
"1","104","37.409898","-122.052728","-26.0","161.3000030517578","5","2.5","2012-08-02T02:17:52.000Z",,,,
"1","105","37.409846","-122.052711","-23.200000762939453","159.10000610351563","4","3.1623","2012-08-02T02:17:54.000Z",,,,
"1","106","37.409794","-122.052684","-24.600000381469727","151.8000030517578","3","3.25","2012-08-02T02:17:56.000Z",,,,
"1","107","37.409741","-122.052652","-25.0","157.5","3","3.6401","2012-08-02T02:17:58.000Z",,,,
"1","108","37.409684","-122.052624","-26.299999237060547","161.3000030517578","6","3.4004","2012-08-02T02:18:00.000Z",,,,
"1","109","37.40963","-122.052596","-27.600000381469727","160.39999389648438","5","3.0414","2012-08-02T02:18:02.000Z",,,,
"1","110","37.409581","-122.052588","-26.700000762939453","201.1999969482422","3","1.82","2012-08-02T02:18:04.000Z",,,,
"1","111","37.409524","-122.052589","-25.600000381469727","195.3000030517578","5","1.75","2012-08-02T02:18:07.000Z",,,,
"1","112","37.409469","-122.052555","-27.200000762939453","149.8000030517578","6","2.5","2012-08-02T02:18:10.000Z",,,,
"1","113","37.409418","-122.052532","-26.299999237060547","156.8000030517578","5","3","2012-08-02T02:18:12.000Z",,,,
"1","114","37.409362","-122.052482","-26.799999237060547","149.5","5","3.5","2012-08-02T02:18:14.000Z",,,,
"1","115","37.409289","-122.052433","-28.100000381469727","156.3000030517578","5","3.5","2012-08-02T02:18:16.000Z",,,,
"1","116","37.409216","-122.052392","-26.799999237060547","167.10000610351563","5","3","2012-08-02T02:18:18.000Z",,,,
"1","117","37.409154","-122.052369","-28.600000381469727","164.60000610351563","5","3","2012-08-02T02:18:20.000Z",,,,
"1","118","37.409088","-122.052347","-28.5","165.39999389648438","7","3.5","2012-08-02T02:18:22.000Z",,,,
"1","119","37.409017","-122.052311","-27.0","163.8000030517578","4","3.5","2012-08-02T02:18:24.000Z",,,,
"1","120","37.408955","-122.052279","-26.399999618530273","175.39999389648438","3","3.25","2012-08-02T02:18:26.000Z",,,,
"1","121","37.408893","-122.052244","-26.299999237060547","157.8000030517578","4","3.75","2012-08-02T02:18:28.000Z",,,,
"1","122","37.408833","-122.052214","-27.899999618530273","157.0","3","3.75","2012-08-02T02:18:30.000Z",,,,
"1","123","37.408773","-122.052179","-28.299999237060547","155.89999389648438","6","3.5","2012-08-02T02:18:32.000Z",,,,
"1","124","37.408721","-122.052141","-27.5","153.5","4","2.75","2012-08-02T02:18:34.000Z",,,,
"1","125","37.408653","-122.052112","-25.5","164.6999969482422","4","2.25","2012-08-02T02:18:37.000Z",,,,
"1","126","37.408606","-122.052092","-22.299999237060547","160.39999389648438","4","2.75","2012-08-02T02:18:39.000Z",,,,
"1","127","37.408539","-122.052073","-20.399999618530273","161.0","4","2.75","2012-08-02T02:18:42.000Z",,,,
"1","128","37.408492","-122.052053","-20.700000762939453","159.39999389648438","4","2.75","2012-08-02T02:18:44.000Z",,,,
"1","129","37.408424","-122.052024","-16.700000762939453","158.0","3","3.0414","2012-08-02T02:18:47.000Z",,,,
"1","130","37.408373","-122.051993","-18.200000762939453","156.10000610351563","3","3.25","2012-08-02T02:18:49.000Z",,,,
"1","131","37.408318","-122.051963","-18.799999237060547","159.39999389648438","4","3.25","2012-08-02T02:18:51.000Z",,,,
"1","132","37.408255","-122.051921","-19.399999618530273","154.1999969482422","3","3.881","2012-08-02T02:18:53.000Z",,,,
"1","133","37.408189","-122.051881","-21.299999237060547","154.8000030517578","5","3.881","2012-08-02T02:18:55.000Z",,,,
"1","134","37.408122","-122.051837","-21.799999237060547","153.60000610351563","4","3.7832","2012-08-02T02:18:57.000Z",,,,
"1","135","37.408051","-122.051789","-22.399999618530273","157.1999969482422","3","3.5","2012-08-02T02:18:59.000Z",,,,
"1","136","37.407991","-122.051755","-22.299999237060547","158.89999389648438","4","3.25","2012-08-02T02:19:01.000Z",,,,
"1","137","37.40793","-122.051713","-23.100000381469727","151.1999969482422","3","3.881","2012-08-02T02:19:03.000Z",,,,
"1","138","37.407877","-122.051681","-23.899999618530273","159.1999969482422","3","3.2882","2012-08-02T02:19:05.000Z",,,,
"1","139","37.407825","-122.051645","-23.799999237060547","151.60000610351563","3","3.25","2012-08-02T02:19:07.000Z",,,,
"1","140","37.407781","-122.051625","-25.200000762939453","155.5","3","3.25","2012-08-02T02:19:09.000Z",,,,
"1","141","37.40773","-122.051599","-25.899999618530273","155.89999389648438","4","3.25","2012-08-02T02:19:11.000Z",,,,
"1","142","37.407686","-122.051578","-25.600000381469727","156.60000610351563","3","3","2012-08-02T02:19:13.000Z",,,,
"1","143","37.407637","-122.051555","-25.5","158.1999969482422","5","3","2012-08-02T02:19:15.000Z",,,,
"1","144","37.407614","-122.051505","-21.0","130.3000030517578","4","5.3677","2012-08-02T02:19:16.000Z",,,,
"1","145","37.407547","-122.051468","-22.600000381469727","155.10000610351563","4","3","2012-08-02T02:19:19.000Z",,,,
"1","146","37.407498","-122.051428","-22.5","146.0","5","3.25","2012-08-02T02:19:21.000Z",,,,
"1","147","37.407443","-122.05139","-24.399999618530273","153.6999969482422","4","3","2012-08-02T02:19:23.000Z",,,,
"1","148","37.407398","-122.051361","-23.200000762939453","152.3000030517578","5","3","2012-08-02T02:19:25.000Z",,,,
"1","149","37.407358","-122.051332","-22.600000381469727","149.0","4","2.75","2012-08-02T02:19:27.000Z",,,,
"1","150","37.407317","-122.051298","-22.600000381469727","148.10000610351563","4","2.75","2012-08-02T02:19:29.000Z",,,,
"1","151","37.407266","-122.051269","-22.200000762939453","153.60000610351563","6","3","2012-08-02T02:19:31.000Z",,,,
"1","152","37.407216","-122.051228","-21.100000381469727","150.5","3","3.25","2012-08-02T02:19:33.000Z",,,,
"1","153","37.407153","-122.051184","-19.799999237060547","157.39999389648438","3","2.5","2012-08-02T02:19:35.820Z",,,,
"1","154","37.40711","-122.051139","-19.700000762939453","137.89999389648438","4","3.75","2012-08-02T02:19:38.000Z",,,,
"1","155","37.407068","-122.051092","-19.700000762939453","142.60000610351563","3","3.5","2012-08-02T02:19:40.000Z",,,,
"1","156","37.407018","-122.05104","-19.299999237060547","144.1999969482422","3","3.2882","2012-08-02T02:19:42.000Z",,,,
"1","157","37.406968","-122.050989","-18.799999237060547","140.5","3","3.5","2012-08-02T02:19:44.000Z",,,,
"1","158","37.406921","-122.050946","-18.600000381469727","149.1999969482422","3","3","2012-08-02T02:19:46.000Z",,,,
"1","159","37.406873","-122.050905","-18.100000381469727","147.60000610351563","4","3","2012-08-02T02:19:48.000Z",,,,
"1","160","37.406831","-122.05086","-17.5","135.39999389648438","3","3","2012-08-02T02:19:50.000Z",,,,
"1","161","37.406789","-122.050816","-18.200000762939453","142.5","4","3.0414","2012-08-02T02:19:52.000Z",,,,
"1","162","37.406747","-122.05077","-18.700000762939453","140.39999389648438","4","3","2012-08-02T02:19:54.000Z",,,,
"1","163","37.406705","-122.050727","-18.5","141.3000030517578","3","3","2012-08-02T02:19:56.000Z",,,,
"1","164","37.406663","-122.050681","-18.899999618530273","138.89999389648438","5","3.25","2012-08-02T02:19:58.000Z",,,,
"1","165","37.406619","-122.050628","-17.899999618530273","137.3000030517578","4","3.5","2012-08-02T02:20:00.000Z",,,,
"1","166","37.406571","-122.050573","-17.700000762939453","138.10000610351563","3","3.75","2012-08-02T02:20:02.000Z",,,,
"1","167","37.406521","-122.050519","-16.799999237060547","139.89999389648438","3","3.5355","2012-08-02T02:20:04.000Z",,,,
"1","168","37.406473","-122.050471","-17.600000381469727","136.8000030517578","3","3.5","2012-08-02T02:20:06.000Z",,,,
"1","169","37.406429","-122.050419","-17.600000381469727","132.8000030517578","4","3.75","2012-08-02T02:20:08.000Z",,,,
"1","170","37.406387","-122.050363","-17.799999237060547","131.8000030517578","4","3.5","2012-08-02T02:20:10.000Z",,,,
"1","171","37.406344","-122.050295","-18.399999618530273","130.1999969482422","4","3.5","2012-08-02T02:20:12.000Z",,,,
"1","172","37.406303","-122.050233","-18.399999618530273","129.39999389648438","5","3.5","2012-08-02T02:20:14.000Z",,,,
"1","173","37.406262","-122.05017","-19.299999237060547","127.9000015258789","5","3.5","2012-08-02T02:20:16.000Z",,,,
"1","174","37.406222","-122.050109","-19.100000381469727","128.5","4","3.25","2012-08-02T02:20:18.000Z",,,,
"1","175","37.406182","-122.05005","-19.399999618530273","132.10000610351563","5","2","2012-08-02T02:20:21.003Z",,,,
"1","176","37.406151","-122.049989","-18.600000381469727","122.9000015258789","4","3.25","2012-08-02T02:20:24.000Z",,,,
"1","177","37.406124","-122.049943","-18.299999237060547","126.4000015258789","4","3.25","2012-08-02T02:20:26.000Z",,,,
"1","178","37.406083","-122.049887","-19.0","136.10000610351563","3","3.25","2012-08-02T02:20:28.000Z",,,,
"1","179","37.406045","-122.049836","-20.0","131.1999969482422","4","3.0414","2012-08-02T02:20:30.000Z",,,,
"1","180","37.406007","-122.049786","-20.799999237060547","131.1999969482422","6","3","2012-08-02T02:20:32.000Z",,,,
"1","181","37.405976","-122.049743","-20.100000381469727","129.60000610351563","3","2.75","2012-08-02T02:20:34.000Z",,,,
"1","182","37.405928","-122.049665","-20.600000381469727","128.39999389648438","4","3","2012-08-02T02:20:37.000Z",,,,
"1","183","37.40589","-122.049608","-21.399999618530273","128.89999389648438","3","3.5","2012-08-02T02:20:39.000Z",,,,
"1","184","37.405851","-122.049541","-22.100000381469727","125.19999694824219","4","3.25","2012-08-02T02:20:41.000Z",,,,
"1","185","37.40581","-122.049469","-21.100000381469727","127.69999694824219","4","3.75","2012-08-02T02:20:43.000Z",,,,
"1","186","37.405776","-122.049411","-21.399999618530273","124.80000305175781","3","3.25","2012-08-02T02:20:45.000Z",,,,
"1","187","37.405742","-122.049352","-22.5","124.69999694824219","3","3.25","2012-08-02T02:20:47.000Z",,,,
"1","188","37.405704","-122.049298","-22.299999237060547","133.6999969482422","4","3","2012-08-02T02:20:49.000Z",,,,
"1","189","37.405669","-122.049251","-20.799999237060547","133.1999969482422","4","2.75","2012-08-02T02:20:51.000Z",,,,
"1","190","37.405632","-122.049202","-20.5","130.1999969482422","4","3.25","2012-08-02T02:20:53.000Z",,,,
"1","191","37.405595","-122.04915","-20.5","131.1999969482422","5","3.25","2012-08-02T02:20:55.000Z",,,,
"1","192","37.405554","-122.049095","-16.0","129.39999389648438","4","3.25","2012-08-02T02:20:57.000Z",,,,
"1","193","37.405515","-122.049036","-16.200000762939453","129.39999389648438","4","3.25","2012-08-02T02:20:59.000Z",,,,
"1","194","37.405477","-122.048983","-17.5","138.0","3","2.9262","2012-08-02T02:21:01.000Z",,,,
"1","195","37.405433","-122.048928","-17.799999237060547","135.3000030517578","3","3.2882","2012-08-02T02:21:03.000Z",,,,
"1","196","37.405374","-122.04893","-21.399999618530273","226.10000610351563","3","2.4622","2012-08-02T02:21:06.000Z",,,,
"1","197","37.405326","-122.048991","-22.899999618530273","235.6999969482422","3","3.25","2012-08-02T02:21:09.000Z",,,,
"1","198","37.405293","-122.049049","-23.0","236.0","4","3.25","2012-08-02T02:21:11.000Z",,,,
"1","199","37.405262","-122.049122","-20.899999618530273","245.10000610351563","3","3.5355","2012-08-02T02:21:13.000Z",,,,
"1","200","37.40523","-122.049207","-19.799999237060547","245.5","3","3.75","2012-08-02T02:21:15.000Z",,,,
"1","201","37.405203","-122.049287","-19.299999237060547","246.60000610351563","4","3.75","2012-08-02T02:21:17.000Z",,,,
"1","202","37.405173","-122.049372","-19.0","245.60000610351563","3","4","2012-08-02T02:21:19.000Z",,,,
"1","203","37.405146","-122.049456","-17.899999618530273","250.5","3","4.0311","2012-08-02T02:21:21.000Z",,,,
"1","204","37.405113","-122.049542","-16.0","240.5","3","4.3661","2012-08-02T02:21:23.000Z",,,,
"1","205","37.405082","-122.04963","-15.0","248.6999969482422","4","4.0311","2012-08-02T02:21:25.000Z",,,,
"1","206","37.405066","-122.049706","-15.300000190734863","244.6999969482422","4","3.75","2012-08-02T02:21:27.000Z",,,,
"1","207","37.405041","-122.049778","-15.199999809265137","240.39999389648438","4","3.75","2012-08-02T02:21:29.000Z",,,,
"1","208","37.405016","-122.049845","-17.799999237060547","239.0","4","3.2882","2012-08-02T02:21:31.000Z",,,,
"1","209","37.404984","-122.049911","-18.700000762939453","242.39999389648438","3","3.2882","2012-08-02T02:21:33.000Z",,,,
"1","210","37.404945","-122.049992","-20.200000762939453","235.5","3","2.6926","2012-08-02T02:21:35.619Z",,,,
"1","211","37.404916","-122.050058","-21.200000762939453","245.6999969482422","3","3.0414","2012-08-02T02:21:38.000Z",,,,
"1","212","37.404895","-122.050111","-24.100000381469727","235.1999969482422","3","2.8284","2012-08-02T02:21:40.000Z",,,,
"1","213","37.404861","-122.050174","-26.799999237060547","231.39999389648438","4","2.4622","2012-08-02T02:21:43.000Z",,,,
"1","214","37.404816","-122.050195","-21.799999237060547","137.89999389648438","3","1.5811","2012-08-02T02:21:47.000Z",,,,
"1","215","37.404781","-122.050132","-21.299999237060547","118.0","4","2.5495","2012-08-02T02:21:50.000Z",,,,
"1","216","37.404755","-122.050075","-21.0","113.5999984741211","4","2.25","2012-08-02T02:21:52.000Z",,,,
"1","217","37.404734","-122.05002","-21.200000762939453","114.0","4","2","2012-08-02T02:21:54.000Z",,,,
"1","218","37.404713","-122.049969","-21.299999237060547","118.19999694824219","6","2","2012-08-02T02:21:56.000Z",,,,
"1","219","37.404686","-122.04991","-23.0","135.10000610351563","5","1.75","2012-08-02T02:21:58.000Z",,,,
"1","220","37.404652","-122.049858","-25.799999237060547","156.89999389648438","4","0.7071","2012-08-02T02:22:02.000Z",,,,
"1","221","37.404645","-122.049796","-25.700000762939453","99.5999984741211","4","1","2012-08-02T02:22:08.000Z",,,,
"1","222","37.404607","-122.049747","-24.700000762939453","152.60000610351563","3","1.8028","2012-08-02T02:23:02.000Z",,,,
"1","223","37.40457","-122.049711","-28.5","122.9000015258789","3","0.559","2012-08-02T02:23:05.000Z",,,,
"1","224","37.404519","-122.049677","-27.600000381469727","121.0999984741211","4","1.5","2012-08-02T02:23:20.000Z",,,,
"1","225","37.404489","-122.049625","-31.0","123.69999694824219","4","2.0156","2012-08-02T02:23:24.000Z",,,,
"1","226","37.40446","-122.049575","-32.0","0.0","5","0","2012-08-02T02:23:31.000Z",,,,
"1","227","37.40444","-122.049521","-30.799999237060547","0.0","3","0","2012-08-02T02:23:41.000Z",,,,
"1","228","37.404421","-122.049468","-30.600000381469727","0.0","3","0","2012-08-02T02:24:08.000Z",,,,
"1","229","37.404421","-122.049468","-30.600000381469727","0.0","3","0","2012-08-02T02:24:08.000Z",,,,
"1","230","37.404421","-122.049468","-30.600000381469727","0.0","5","0","2012-08-02T02:24:09.000Z",,,,
"1","231","37.404394","-122.049417","-31.600000381469727","0.0","3","0","2012-08-02T02:24:19.000Z",,,,
"1","232","37.404389","-122.049356","-31.200000762939453","0.0","3","0","2012-08-02T02:26:13.000Z",,,,
"2","1","37.366669","-121.913383","-27.5","150.6999969482422","9","15.7817","2012-08-02T03:02:48.596Z",,,,
"2","2","37.366557","-121.913305","-28.200000762939453","150.6999969482422","11","15.7817","2012-08-02T03:02:49.506Z",,,,
"2","3","37.366462","-121.913206","-35.099998474121094","149.1999969482422","5","15.0083","2012-08-02T03:02:50.507Z",,,,
"2","4","37.366308","-121.913082","-33.79999923706055","150.89999389648438","6","15.5081","2012-08-02T03:02:51.505Z",,,,
"2","5","37.366162","-121.912997","-26.100000381469727","149.89999389648438","6","14.5774","2012-08-02T03:02:52.505Z",,,,
"2","6","37.365955","-121.912776","-17.200000762939453","150.10000610351563","9","15.7817","2012-08-02T03:02:54.506Z",,,,
"2","7","37.365888","-121.912772","-17.5","149.5","12","15.0083","2012-08-02T03:02:55.506Z",,,,
"2","8","37.365767","-121.912686","-20.899999618530273","147.89999389648438","10","14.0089","2012-08-02T03:02:56.505Z",,,,
"2","9","37.365622","-121.912622","-16.0","150.10000610351563","10","15.7579","2012-08-02T03:02:57.505Z",,,,
"2","10","37.365477","-121.912497","-26.5","148.3000030517578","8","15.5081","2012-08-02T03:02:58.505Z",,,,
"2","11","37.365324","-121.912417","-16.299999237060547","148.39999389648438","9","13.7863","2012-08-02T03:02:59.506Z",,,,
"2","12","37.365006","-121.912122","-5.900000095367432","146.8000030517578","10","15.5081","2012-08-02T03:03:01.505Z",,,,
"2","13","37.364832","-121.911955","5.900000095367432","144.1999969482422","9","17.4302","2012-08-02T03:03:02.505Z",,,,
"2","14","37.364643","-121.911905","2.700000047683716","149.8000030517578","11","16.6208","2012-08-02T03:03:03.502Z",,,,
"2","15","37.364454","-121.911703","4.300000190734863","149.6999969482422","9","15","2012-08-02T03:03:05.504Z",,,,
"2","16","37.364349","-121.911689","1.7000000476837158","149.6999969482422","12","15.5081","2012-08-02T03:03:06.505Z",,,,
"2","17","37.364029","-121.911347","-4.900000095367432","149.0","7","15.25","2012-08-02T03:03:09.500Z",,,,
"2","18","37.363912","-121.911318","-12.199999809265137","148.39999389648438","6","15.2828","2012-08-02T03:03:10.504Z",,,,
"2","19","37.363805","-121.911283","-17.5","148.89999389648438","6","15.25","2012-08-02T03:03:11.506Z",,,,
"2","20","37.363736","-121.911197","-13.399999618530273","148.60000610351563","7","15.5","2012-08-02T03:03:12.504Z",,,,
"2","21","37.363654","-121.911152","-7.900000095367432","148.39999389648438","7","15.5081","2012-08-02T03:03:13.483Z",,,,
"2","22","37.363526","-121.911033","-7.5","153.8000030517578","7","16.6208","2012-08-02T03:03:14.505Z",,,,
"2","23","37.363512","-121.910924","-11.199999809265137","151.89999389648438","8","13.6473","2012-08-02T03:03:15.504Z",,,,
"2","24","37.363318","-121.910763","-19.600000381469727","156.0","13","14","2012-08-02T03:03:16.502Z",,,,
"2","25","37.363192","-121.910672","-15.800000190734863","150.10000610351563","10","13.7591","2012-08-02T03:03:17.504Z",,,,
"2","26","37.363089","-121.910601","-10.800000190734863","148.60000610351563","13","15.4536","2012-08-02T03:03:18.504Z",,,,
"2","27","37.362868","-121.910528","-16.5","150.3000030517578","10","14.5344","2012-08-02T03:03:19.504Z",,,,
"2","28","37.362782","-121.91051","-29.5","152.10000610351563","9","15.5081","2012-08-02T03:03:20.504Z",,,,
"2","29","37.362571","-121.910406","-21.100000381469727","150.60000610351563","14","15","2012-08-02T03:03:21.484Z",,,,
"2","30","37.362432","-121.910231","-16.299999237060547","147.39999389648438","13","11.7606","2012-08-02T03:03:22.484Z",,,,
"2","31","37.362323","-121.910132","-13.800000190734863","149.0","14","13.2594","2012-08-02T03:03:23.484Z",,,,
"2","32","37.362231","-121.910073","-7.099999904632568","147.3000030517578","11","15.0333","2012-08-02T03:03:24.484Z",,,,
"2","33","37.362049","-121.909968","-3.5","147.60000610351563","11","13.7591","2012-08-02T03:03:25.484Z",,,,
"2","34","37.361935","-121.909935","21.5","148.8000030517578","12","14.2588","2012-08-02T03:03:26.484Z",,,,
"2","35","37.361847","-121.909834","17.0","148.0","12","12.7892","2012-08-02T03:03:27.482Z",,,,
"2","36","37.361851","-121.909902","29.799999237060547","149.0","18","11.1803","2012-08-02T03:03:28.484Z",,,,
"2","37","37.361748","-121.909769","10.800000190734863","150.5","13","10.6066","2012-08-02T03:03:29.482Z",,,,
"2","38","37.361583","-121.909656","0.0","148.60000610351563","8","12.2602","2012-08-02T03:03:30.483Z",,,,
"2","39","37.361561","-121.909599","-2.700000047683716","148.89999389648438","8","11.25","2012-08-02T03:03:31.483Z",,,,
"2","40","37.361498","-121.909503","-6.0","148.8000030517578","17","10.25","2012-08-02T03:03:32.485Z",,,,
"2","41","37.361611","-121.9096","-4.699999809265137","150.60000610351563","13","9.7628","2012-08-02T03:03:33.477Z",,,,
"2","42","37.361452","-121.909513","10.5","149.89999389648438","15","8.7643","2012-08-02T03:03:34.484Z",,,,
"2","43","37.361419","-121.909436","11.0","150.39999389648438","16","8.0156","2012-08-02T03:03:35.484Z",,,,
"2","44","37.361352","-121.90935","9.199999809265137","149.8000030517578","16","6.75","2012-08-02T03:03:36.482Z",,,,
"2","45","37.361316","-121.909314","4.5","148.6999969482422","16","5.5227","2012-08-02T03:03:37.483Z",,,,
"2","46","37.361153","-121.909142","-22.899999618530273","140.10000610351563","6","3.2882","2012-08-02T03:03:39.482Z",,,,
"2","47","37.361077","-121.90907","-1.899999976158142","148.39999389648438","8","2","2012-08-02T03:03:41.487Z",,,,
"2","48","37.361064","-121.909126","-20.0","159.6999969482422","10","1.5811","2012-08-02T03:03:43.484Z",,,,
"2","49","37.361104","-121.909198","-20.700000762939453","224.89999389648438","12","3.0923","2012-08-02T03:03:44.488Z",,,,
"2","50","37.361028","-121.909175","-17.899999618530273","224.89999389648438","9","0.559","2012-08-02T03:03:46.482Z",,,,
"2","51","37.361077","-121.909179","-5.099999904632568","0.0","10","0","2012-08-02T03:03:48.485Z",,,,
"2","52","37.361127","-121.909196","-2.299999952316284","309.6000061035156","13","1.8028","2012-08-02T03:03:49.485Z",,,,
"2","53","37.361094","-121.90912","-21.0","229.89999389648438","10","1.118","2012-08-02T03:03:51.487Z",,,,
"2","54","37.361052","-121.909178","-15.600000381469727","245.3000030517578","15","2.2361","2012-08-02T03:03:52.485Z",,,,
"2","55","37.360971","-121.909145","-14.0","264.20001220703125","10","0.25","2012-08-02T03:03:54.483Z",,,,
"2","56","37.36104","-121.909184","-22.5","264.20001220703125","8","0.5","2012-08-02T03:03:55.487Z",,,,
"2","57","37.36096","-121.909176","-17.600000381469727","264.20001220703125","12","0.5","2012-08-02T03:03:57.483Z",,,,
"2","58","37.36101","-121.909113","-21.200000762939453","0.0","10","0","2012-08-02T03:03:58.486Z",,,,
"2","59","37.360962","-121.90918","0.4000000059604645","149.0","11","2.2361","2012-08-02T03:04:02.481Z",,,,
"2","60","37.360914","-121.909184","-2.299999952316284","155.60000610351563","8","3.75","2012-08-02T03:04:03.486Z",,,,
"2","61","37.360857","-121.909037","-24.299999237060547","153.3000030517578","13","5.5227","2012-08-02T03:04:06.482Z",,,,
"2","62","37.360757","-121.909006","-20.399999618530273","151.39999389648438","13","9.424","2012-08-02T03:04:07.482Z",,,,
"2","63","37.360801","-121.909021","-20.799999237060547","153.6999969482422","13","7.25","2012-08-02T03:04:08.485Z",,,,
"2","64","37.360714","-121.908919","-17.5","146.3000030517578","10","8.5586","2012-08-02T03:04:09.482Z",,,,
"2","65","37.360574","-121.908852","-14.600000381469727","153.0","12","9.5131","2012-08-02T03:04:10.483Z",,,,
"2","66","37.360412","-121.908719","-7.699999809265137","151.10000610351563","8","11.1018","2012-08-02T03:04:11.485Z",,,,
"2","67","37.360337","-121.908612","-14.100000381469727","147.8000030517578","8","11.2944","2012-08-02T03:04:12.486Z",,,,
"2","68","37.360267","-121.908596","-9.300000190734863","152.10000610351563","7","10.9345","2012-08-02T03:04:13.486Z",,,,
"2","69","37.360147","-121.908523","-18.399999618530273","150.5","8","12.7598","2012-08-02T03:04:14.486Z",,,,
"2","70","37.360082","-121.90849","-19.799999237060547","145.8000030517578","10","13.4001","2012-08-02T03:04:15.486Z",,,,
"2","71","37.359978","-121.908386","-25.100000381469727","149.89999389648438","9","13.2877","2012-08-02T03:04:16.483Z",,,,
"2","72","37.359873","-121.908304","-26.899999618530273","148.39999389648438","7","13.5093","2012-08-02T03:04:17.486Z",,,,
"2","73","37.359724","-121.908179","-25.200000762939453","144.5","8","15.1327","2012-08-02T03:04:18.486Z",,,,
"2","74","37.359648","-121.90805","-18.200000762939453","146.6999969482422","8","15.25","2012-08-02T03:04:19.478Z",,,,
"2","75","37.359467","-121.907998","-19.299999237060547","150.3000030517578","5","15.2582","2012-08-02T03:04:20.485Z",,,,
"2","76","37.359318","-121.907881","-24.200000762939453","150.3000030517578","5","15.75","2012-08-02T03:04:21.481Z",,,,
"2","77","37.359189","-121.9078","-21.899999618530273","150.89999389648438","6","14.5086","2012-08-02T03:04:22.486Z",,,,
"2","78","37.359073","-121.907728","-20.700000762939453","150.8000030517578","5","15.7579","2012-08-02T03:04:23.477Z",,,,
"2","79","37.359019","-121.907664","-12.199999809265137","150.60000610351563","5","15.25","2012-08-02T03:04:24.476Z",,,,
"2","80","37.358903","-121.907556","-14.399999618530273","149.6999969482422","6","15.0083","2012-08-02T03:04:25.481Z",,,,
"2","81","37.358765","-121.907472","-10.899999618530273","150.89999389648438","6","16.2577","2012-08-02T03:04:26.478Z",,,,
"2","82","37.358652","-121.907406","-20.299999237060547","150.10000610351563","7","15.0083","2012-08-02T03:04:27.477Z",,,,
"2","83","37.358562","-121.907329","-24.899999618530273","148.3000030517578","8","15.25","2012-08-02T03:04:28.478Z",,,,
"2","84","37.35842","-121.907206","-26.700000762939453","145.39999389648438","8","16.5076","2012-08-02T03:04:29.485Z",,,,
"2","85","37.358287","-121.907121","-32.70000076293945","153.0","10","16.1245","2012-08-02T03:04:30.485Z",,,,
"2","86","37.35816","-121.90697","-18.399999618530273","149.39999389648438","8","15.3806","2012-08-02T03:04:31.485Z",,,,
"2","87","37.358033","-121.906846","-21.399999618530273","148.3000030517578","9","15.5081","2012-08-02T03:04:32.485Z",,,,
"2","88","37.357966","-121.906814","-11.399999618530273","146.10000610351563","7","15.2582","2012-08-02T03:04:33.482Z",,,,
"2","89","37.357796","-121.906736","-0.800000011920929","149.89999389648438","7","14.25","2012-08-02T03:04:34.480Z",,,,
"2","90","37.357671","-121.906741","10.100000381469727","149.39999389648438","15","13.5093","2012-08-02T03:04:35.480Z",,,,
"2","91","37.357575","-121.906827","19.399999618530273","149.39999389648438","12","13.7863","2012-08-02T03:04:36.479Z",,,,
"2","92","37.357641","-121.906689","31.5","149.39999389648438","12","13.5","2012-08-02T03:04:37.484Z",,,,
"2","93","37.357535","-121.906609","28.200000762939453","149.39999389648438","13","13.5","2012-08-02T03:04:38.481Z",,,,
"2","94","37.357418","-121.906547","3.200000047683716","149.6999969482422","12","13.2594","2012-08-02T03:04:39.481Z",,,,
"2","95","37.357185","-121.906287","-10.300000190734863","150.3000030517578","16","13.7591","2012-08-02T03:04:40.498Z",,,,
"2","96","37.357163","-121.906227","-3.5","149.89999389648438","12","13.2594","2012-08-02T03:04:41.000Z",,,,
"2","97","37.356957","-121.906091","-8.5","154.3000030517578","6","13.75","2012-08-02T03:04:43.000Z",,,,
"2","98","37.356875","-121.906025","-10.300000190734863","151.5","6","12.51","2012-08-02T03:04:44.000Z",,,,
"2","99","37.356801","-121.905972","-9.699999809265137","151.89999389648438","6","12.5","2012-08-02T03:04:45.000Z",,,,
"2","100","37.356703","-121.905913","-9.899999618530273","151.60000610351563","6","12.25","2012-08-02T03:04:46.000Z",,,,
"2","101","37.356615","-121.90586","-10.399999618530273","152.0","5","11.5","2012-08-02T03:04:47.000Z",,,,
"2","102","37.356554","-121.905813","-12.300000190734863","151.0","5","10.75","2012-08-02T03:04:48.000Z",,,,
"2","103","37.35646","-121.905766","-9.899999618530273","151.89999389648438","5","10.25","2012-08-02T03:04:49.000Z",,,,
"2","104","37.356375","-121.905693","-5.300000190734863","149.5","5","9.5","2012-08-02T03:04:50.000Z",,,,
"2","105","37.356299","-121.905652","-4.300000190734863","151.6999969482422","6","9.5","2012-08-02T03:04:51.000Z",,,,
"2","106","37.356214","-121.905609","-4.300000190734863","151.89999389648438","5","9.25","2012-08-02T03:04:52.000Z",,,,
"2","107","37.356151","-121.905559","-3.5","151.1999969482422","5","9.25","2012-08-02T03:04:53.000Z",,,,
"2","108","37.356097","-121.905519","-4.199999809265137","150.1999969482422","5","8","2012-08-02T03:04:54.000Z",,,,
"2","109","37.356043","-121.90549","-4.0","152.3000030517578","5","8","2012-08-02T03:04:55.000Z",,,,
"2","110","37.355995","-121.905461","-4.099999904632568","152.39999389648438","5","7.25","2012-08-02T03:04:56.000Z",,,,
"2","111","37.355951","-121.905426","-4.400000095367432","153.0","5","6.5","2012-08-02T03:04:57.000Z",,,,
"2","112","37.355869","-121.905361","-4.900000095367432","149.89999389648438","5","5","2012-08-02T03:04:59.000Z",,,,
"2","113","37.35582","-121.905321","-4.800000190734863","151.1999969482422","5","3.75","2012-08-02T03:05:01.000Z",,,,
"2","114","37.35575","-121.905301","-4.0","157.3000030517578","5","3.75","2012-08-02T03:05:03.000Z",,,,
"2","115","37.355677","-121.905254","-4.5","150.8000030517578","5","4.5","2012-08-02T03:05:05.000Z",,,,
"2","116","37.355632","-121.905231","-4.400000095367432","149.6999969482422","5","4.5","2012-08-02T03:05:06.000Z",,,,
"2","117","37.355557","-121.905205","-3.5","157.89999389648438","7","4.5","2012-08-02T03:05:08.000Z",,,,
"2","118","37.355464","-121.905155","-4.099999904632568","154.3000030517578","6","6","2012-08-02T03:05:09.000Z",,,,
"2","119","37.355388","-121.905095","-4.400000095367432","149.5","6","6.5","2012-08-02T03:05:10.000Z",,,,
"2","120","37.355337","-121.905052","-4.199999809265137","148.1999969482422","6","6.5","2012-08-02T03:05:11.000Z",,,,
"2","121","37.355295","-121.904994","-3.9000000953674316","147.3000030517578","7","6.75","2012-08-02T03:05:12.000Z",,,,
"2","122","37.355192","-121.904925","-3.299999952316284","149.6999969482422","6","6.5","2012-08-02T03:05:14.000Z",,,,
"2","123","37.355149","-121.904886","-3.299999952316284","150.5","6","6","2012-08-02T03:05:15.000Z",,,,
"2","124","37.355062","-121.904825","-3.0999999046325684","150.1999969482422","6","6.5","2012-08-02T03:05:16.000Z",,,,
"2","125","37.354983","-121.904768","-2.200000047683716","151.39999389648438","5","6.27","2012-08-02T03:05:17.000Z",,,,
"2","126","37.354931","-121.904701","-2.299999952316284","148.1999969482422","4","6.27","2012-08-02T03:05:18.000Z",,,,
"2","127","37.354871","-121.904638","-1.399999976158142","146.60000610351563","5","6.25","2012-08-02T03:05:19.000Z",,,,
"2","128","37.354821","-121.904597","-0.8999999761581421","145.60000610351563","5","6.25","2012-08-02T03:05:20.000Z",,,,
"2","129","37.354771","-121.904546","-1.0","141.5","5","6.75","2012-08-02T03:05:21.000Z",,,,
"2","130","37.354716","-121.904491","-0.699999988079071","140.6999969482422","6","7","2012-08-02T03:05:22.000Z",,,,
"2","131","37.354647","-121.904439","-1.0","145.3000030517578","6","7.5","2012-08-02T03:05:23.000Z",,,,
"2","132","37.354594","-121.904394","-1.7000000476837158","142.60000610351563","6","8","2012-08-02T03:05:24.000Z",,,,
"2","133","37.354544","-121.904377","-1.7999999523162842","150.39999389648438","6","7.25","2012-08-02T03:05:25.000Z",,,,
"2","134","37.354458","-121.904324","-1.899999976158142","151.39999389648438","6","8.25","2012-08-02T03:05:26.000Z",,,,
"2","135","37.35436","-121.904272","-2.0999999046325684","154.3000030517578","6","9.25","2012-08-02T03:05:27.000Z",,,,
"2","136","37.354234","-121.904222","-3.299999952316284","158.0","6","10.75","2012-08-02T03:05:28.000Z",,,,
"2","137","37.354155","-121.904167","-3.5","151.5","6","10.5","2012-08-02T03:05:29.000Z",,,,
"2","138","37.354079","-121.904085","-3.5999999046325684","145.60000610351563","6","11.25","2012-08-02T03:05:30.000Z",,,,
"2","139","37.35397","-121.904","-4.800000190734863","147.39999389648438","5","11","2012-08-02T03:05:31.000Z",,,,
"2","140","37.353862","-121.903903","-5.300000190734863","149.6999969482422","5","11.25","2012-08-02T03:05:32.000Z",,,,
"2","141","37.353746","-121.903797","-7.0","149.8000030517578","5","12","2012-08-02T03:05:33.000Z",,,,
"2","142","37.353655","-121.9037","-7.400000095367432","147.89999389648438","6","12.5","2012-08-02T03:05:34.000Z",,,,
"2","143","37.353497","-121.903558","-9.699999809265137","149.60000610351563","7","11.75","2012-08-02T03:05:35.811Z",,,,
"2","144","37.353391","-121.903465","-11.5","149.60000610351563","7","12","2012-08-02T03:05:37.000Z",,,,
"2","145","37.353306","-121.90337","-11.800000190734863","144.3000030517578","6","12.0104","2012-08-02T03:05:38.000Z",,,,
"2","146","37.353199","-121.903288","-11.0","147.89999389648438","8","12.25","2012-08-02T03:05:39.000Z",,,,
"2","147","37.353095","-121.903222","-11.100000381469727","149.6999969482422","9","12.5","2012-08-02T03:05:40.000Z",,,,
"2","148","37.352983","-121.903165","-10.0","152.6999969482422","11","12","2012-08-02T03:05:41.000Z",,,,
"2","149","37.352853","-121.9031","-8.800000190734863","152.8000030517578","10","12.25","2012-08-02T03:05:42.000Z",,,,
"2","150","37.35273","-121.903048","-8.399999618530273","154.89999389648438","11","12","2012-08-02T03:05:43.000Z",,,,
"2","151","37.352606","-121.902991","-8.199999809265137","153.8000030517578","10","12.25","2012-08-02T03:05:44.000Z",,,,
"2","152","37.352504","-121.902911","-8.699999809265137","152.3000030517578","10","12.5","2012-08-02T03:05:45.000Z",,,,
"2","153","37.352407","-121.902831","-8.399999618530273","148.3000030517578","10","12.5","2012-08-02T03:05:46.000Z",,,,
"2","154","37.352302","-121.902771","-8.5","150.0","9","12.2602","2012-08-02T03:05:47.000Z",,,,
"2","155","37.352232","-121.902687","-8.399999618530273","148.5","8","11","2012-08-02T03:05:48.000Z",,,,
"2","156","37.352159","-121.902614","-7.099999904632568","148.3000030517578","7","10","2012-08-02T03:05:49.000Z",,,,
"2","157","37.352104","-121.902527","-9.0","146.89999389648438","6","9","2012-08-02T03:05:50.000Z",,,,
"2","158","37.352036","-121.902469","-8.899999618530273","147.6999969482422","6","8","2012-08-02T03:05:51.000Z",,,,
"2","159","37.351984","-121.902444","-8.899999618530273","149.3000030517578","5","7","2012-08-02T03:05:52.000Z",,,,
"2","160","37.351929","-121.902412","-10.0","148.60000610351563","5","4.25","2012-08-02T03:05:54.000Z",,,,
"2","161","37.351889","-121.902377","-8.699999809265137","161.5","4","1.75","2012-08-02T03:05:57.000Z",,,,
"2","162","37.351853","-121.902338","-5.599999904632568","163.0","4","1.75","2012-08-02T03:06:00.000Z",,,,
"2","163","37.351808","-121.902281","-4.199999809265137","151.6999969482422","4","2.5495","2012-08-02T03:06:03.000Z",,,,
"2","164","37.351756","-121.902242","-1.2999999523162842","149.39999389648438","4","3.6401","2012-08-02T03:06:05.000Z",,,,
"2","165","37.351698","-121.902192","-0.6000000238418579","136.89999389648438","4","3.5","2012-08-02T03:06:07.000Z",,,,
"2","166","37.351646","-121.90215","-0.10000000149011612","144.3000030517578","5","3","2012-08-02T03:06:09.000Z",,,,
"2","167","37.351604","-121.902119","-1.2000000476837158","145.89999389648438","5","1.75","2012-08-02T03:06:11.000Z",,,,
"2","168","37.35156","-121.902095","-9.800000190734863","0.0","5","0","2012-08-02T03:06:22.000Z",,,,
"2","169","37.351483","-121.902047","-8.399999618530273","158.5","4","4.2793","2012-08-02T03:08:04.000Z",,,,
"2","170","37.35144","-121.902023","-8.399999618530273","154.39999389648438","4","5","2012-08-02T03:08:05.000Z",,,,
"2","171","37.351342","-121.901952","-7.800000190734863","151.10000610351563","4","5.75","2012-08-02T03:08:06.000Z",,,,
"2","172","37.351294","-121.901882","-7.699999809265137","142.6999969482422","4","6.5","2012-08-02T03:08:07.000Z",,,,
"2","173","37.35123","-121.901816","-7.400000095367432","142.0","4","7.2672","2012-08-02T03:08:08.000Z",,,,
"2","174","37.351168","-121.90174","-6.199999809265137","137.89999389648438","4","8","2012-08-02T03:08:09.000Z",,,,
"2","175","37.351112","-121.901684","-5.0","136.89999389648438","5","8","2012-08-02T03:08:10.000Z",,,,
"2","176","37.35106","-121.90161","-4.300000190734863","135.1999969482422","5","7.75","2012-08-02T03:08:11.000Z",,,,
"2","177","37.350992","-121.901551","-3.799999952316284","139.1999969482422","6","8.0156","2012-08-02T03:08:12.000Z",,,,
"2","178","37.350904","-121.901489","-3.299999952316284","143.8000030517578","6","8.75","2012-08-02T03:08:13.000Z",,,,
"2","179","37.350786","-121.901413","-2.9000000953674316","147.60000610351563","6","10.25","2012-08-02T03:08:14.000Z",,,,
"2","180","37.350659","-121.90135","-1.7999999523162842","150.10000610351563","6","10.5","2012-08-02T03:08:15.000Z",,,,
"2","181","37.350569","-121.901306","-0.8999999761581421","153.89999389648438","6","9.7628","2012-08-02T03:08:16.000Z",,,,
"2","182","37.350469","-121.901223","-0.4000000059604645","149.89999389648438","5","10.25","2012-08-02T03:08:17.000Z",,,,
"2","183","37.350363","-121.901135","-0.8999999761581421","149.10000610351563","5","10.5119","2012-08-02T03:08:18.000Z",,,,
"2","184","37.350288","-121.901054","-1.2000000476837158","147.0","4","9.75","2012-08-02T03:08:19.000Z",,,,
"2","185","37.350214","-121.900993","-1.100000023841858","147.60000610351563","4","9.5","2012-08-02T03:08:20.000Z",,,,
"2","186","37.350132","-121.90094","-1.5","150.10000610351563","4","9","2012-08-02T03:08:21.000Z",,,,
"2","187","37.350016","-121.900858","-1.2000000476837158","148.89999389648438","5","9.25","2012-08-02T03:08:22.000Z",,,,
"2","188","37.349946","-121.900805","-1.2000000476837158","148.89999389648438","7","9.25","2012-08-02T03:08:23.000Z",,,,
"2","189","37.349873","-121.900753","-1.2999999523162842","149.5","7","9.25","2012-08-02T03:08:24.000Z",,,,
"2","190","37.349812","-121.900725","-2.4000000953674316","154.60000610351563","7","8.2651","2012-08-02T03:08:25.000Z",,,,
"2","191","37.349687","-121.900633","-5.199999809265137","152.5","5","9.75","2012-08-02T03:08:26.000Z",,,,
"2","192","37.349608","-121.90058","-5.300000190734863","152.5","7","9.75","2012-08-02T03:08:27.000Z",,,,
"2","193","37.349487","-121.900495","-3.0999999046325684","150.5","5","11","2012-08-02T03:08:28.000Z",,,,
"2","194","37.349408","-121.900445","-3.0","150.89999389648438","5","11","2012-08-02T03:08:29.000Z",,,,
"2","195","37.349309","-121.900356","-3.700000047683716","149.3000030517578","4","11.2611","2012-08-02T03:08:30.000Z",,,,
"2","196","37.349223","-121.900293","-4.199999809265137","149.3000030517578","6","11.2611","2012-08-02T03:08:31.000Z",,,,
"2","197","37.349129","-121.900235","-4.5","150.39999389648438","6","11","2012-08-02T03:08:32.000Z",,,,
"2","198","37.349043","-121.900175","-4.699999809265137","150.39999389648438","8","11","2012-08-02T03:08:33.000Z",,,,
"2","199","37.348961","-121.900124","-4.400000095367432","152.5","5","10.5119","2012-08-02T03:08:34.000Z",,,,
"2","200","37.348749","-121.899972","-5.0","150.89999389648438","4","11.5","2012-08-02T03:08:35.809Z",,,,
"2","201","37.348631","-121.899897","-4.900000095367432","151.5","5","11.5","2012-08-02T03:08:37.000Z",,,,
"2","202","37.348539","-121.899824","-4.300000190734863","147.89999389648438","5","11","2012-08-02T03:08:38.000Z",,,,
"2","203","37.348438","-121.899737","-5.400000095367432","144.10000610351563","5","11.25","2012-08-02T03:08:39.000Z",,,,
"2","204","37.348348","-121.899668","-5.099999904632568","145.10000610351563","5","11.25","2012-08-02T03:08:40.000Z",,,,
"2","205","37.348269","-121.899625","-4.199999809265137","150.5","5","10.75","2012-08-02T03:08:41.000Z",,,,
"2","206","37.348108","-121.899484","-3.9000000953674316","147.10000610351563","5","10.75","2012-08-02T03:08:43.000Z",,,,
"2","207","37.348004","-121.899399","-4.300000190734863","147.8000030517578","4","11.75","2012-08-02T03:08:44.000Z",,,,
"2","208","37.347917","-121.899329","-4.900000095367432","146.89999389648438","4","11.25","2012-08-02T03:08:45.000Z",,,,
"2","209","37.347813","-121.899256","-4.5","147.89999389648438","5","11.25","2012-08-02T03:08:46.000Z",,,,
"2","210","37.347734","-121.899178","-4.300000190734863","148.39999389648438","5","11.25","2012-08-02T03:08:47.000Z",,,,
"2","211","37.347647","-121.899106","-5.800000190734863","151.89999389648438","4","12.0416","2012-08-02T03:08:48.000Z",,,,
"2","212","37.347552","-121.899042","-6.599999904632568","151.89999389648438","5","12.0416","2012-08-02T03:08:49.000Z",,,,
"2","213","37.347476","-121.898994","-6.5","151.3000030517578","4","11.75","2012-08-02T03:08:50.000Z",,,,
"2","214","37.347389","-121.898894","-7.0","144.89999389648438","4","12.25","2012-08-02T03:08:51.000Z",,,,
"2","215","37.347303","-121.898819","-6.800000190734863","145.8000030517578","4","12.25","2012-08-02T03:08:52.000Z",,,,
"2","216","37.347192","-121.898747","-7.599999904632568","149.1999969482422","4","13.2594","2012-08-02T03:08:53.000Z",,,,
"2","217","37.347092","-121.898682","-7.0","151.0","4","12.5","2012-08-02T03:08:54.000Z",,,,
"2","218","37.34697","-121.898602","-7.599999904632568","149.60000610351563","4","13","2012-08-02T03:08:55.000Z",,,,
"2","219","37.346864","-121.898526","-8.100000381469727","149.3000030517578","4","12.75","2012-08-02T03:08:56.000Z",,,,
"2","220","37.346755","-121.898422","-8.399999618530273","148.3000030517578","4","13.25","2012-08-02T03:08:57.000Z",,,,
"2","221","37.346638","-121.898326","-9.199999809265137","148.3000030517578","4","13.75","2012-08-02T03:08:58.000Z",,,,
"2","222","37.346532","-121.898255","-8.899999618530273","150.39999389648438","4","13.25","2012-08-02T03:08:59.000Z",,,,
"2","223","37.346443","-121.898194","-8.5","149.10000610351563","4","12","2012-08-02T03:09:00.000Z",,,,
"2","224","37.34635","-121.898122","-8.699999809265137","148.60000610351563","4","12.5","2012-08-02T03:09:01.000Z",,,,
"2","225","37.346245","-121.89806","-7.800000190734863","151.60000610351563","4","12.75","2012-08-02T03:09:02.000Z",,,,
"2","226","37.346127","-121.898003","-8.199999809265137","154.1999969482422","4","13","2012-08-02T03:09:03.000Z",,,,
"2","227","37.346022","-121.897939","-8.199999809265137","154.1999969482422","6","13","2012-08-02T03:09:04.000Z",,,,
"2","228","37.345918","-121.89789","-9.100000381469727","153.89999389648438","4","13","2012-08-02T03:09:05.000Z",,,,
"2","229","37.345807","-121.897825","-9.100000381469727","151.39999389648438","4","13.75","2012-08-02T03:09:06.000Z",,,,
"2","230","37.345697","-121.897746","-8.699999809265137","151.0","4","13.5","2012-08-02T03:09:07.000Z",,,,
"2","231","37.345591","-121.897673","-8.600000381469727","151.0","6","13.5","2012-08-02T03:09:08.000Z",,,,
"2","232","37.345546","-121.897661","-9.300000190734863","153.0","4","10.25","2012-08-02T03:09:09.000Z",,,,
"2","233","37.345475","-121.89762","-8.699999809265137","154.10000610351563","4","9.5","2012-08-02T03:09:10.000Z",,,,
"2","234","37.345398","-121.89757","-8.600000381469727","153.39999389648438","5","9.75","2012-08-02T03:09:11.000Z",,,,
"2","235","37.345359","-121.897519","-10.899999618530273","151.3000030517578","5","8","2012-08-02T03:09:12.000Z",,,,
"2","236","37.345321","-121.897476","-10.399999618530273","148.5","5","6.5","2012-08-02T03:09:13.000Z",,,,
"2","237","37.345287","-121.897435","-10.100000381469727","143.8000030517578","5","6.0208","2012-08-02T03:09:14.000Z",,,,
"2","238","37.345215","-121.897366","-10.199999809265137","144.39999389648438","7","5.2738","2012-08-02T03:09:16.000Z",,,,
"2","239","37.345165","-121.897363","-10.600000381469727","144.60000610351563","4","2","2012-08-02T03:09:19.000Z",,,,
"2","240","37.345161","-121.897305","-7.400000095367432","157.39999389648438","4","1.75","2012-08-02T03:09:41.000Z",,,,
"2","241","37.345126","-121.897254","-7.099999904632568","142.6999969482422","4","2.5","2012-08-02T03:09:43.000Z",,,,
"2","242","37.345065","-121.897211","-5.699999809265137","155.3000030517578","4","4.0311","2012-08-02T03:09:45.000Z",,,,
"2","243","37.344966","-121.897134","-7.599999904632568","150.5","3","5.2738","2012-08-02T03:09:46.000Z",,,,
"2","244","37.344907","-121.897093","-6.5","149.3000030517578","3","6","2012-08-02T03:09:47.000Z",,,,
"2","245","37.344853","-121.897056","-5.900000095367432","150.10000610351563","3","6.7685","2012-08-02T03:09:48.000Z",,,,
"2","246","37.344787","-121.897017","-6.5","149.60000610351563","3","7.75","2012-08-02T03:09:49.000Z",,,,
"2","247","37.34473","-121.896966","-6.400000095367432","146.3000030517578","3","7.75","2012-08-02T03:09:50.000Z",,,,
"2","248","37.344673","-121.896919","-6.400000095367432","146.3000030517578","5","7.75","2012-08-02T03:09:51.000Z",,,,
"2","249","37.344601","-121.896856","-6.099999904632568","145.5","4","8.5","2012-08-02T03:09:52.000Z",,,,
"2","250","37.344516","-121.896802","-5.800000190734863","149.89999389648438","4","9.5","2012-08-02T03:09:53.000Z",,,,
"2","251","37.344442","-121.896749","-5.099999904632568","148.0","4","9.75","2012-08-02T03:09:54.000Z",,,,
"2","252","37.344344","-121.89669","-5.400000095367432","149.8000030517578","4","10.25","2012-08-02T03:09:55.000Z",,,,
"2","253","37.344247","-121.896641","-5.699999809265137","151.60000610351563","4","10.5","2012-08-02T03:09:56.000Z",,,,
"2","254","37.344161","-121.896587","-5.400000095367432","152.89999389648438","4","10.75","2012-08-02T03:09:57.000Z",,,,
"2","255","37.344067","-121.896526","-5.300000190734863","151.8000030517578","4","11.25","2012-08-02T03:09:58.000Z",,,,
"2","256","37.343972","-121.896467","-5.699999809265137","153.5","4","11","2012-08-02T03:09:59.000Z",,,,
"2","257","37.343883","-121.896395","-4.900000095367432","151.8000030517578","4","11.25","2012-08-02T03:10:00.000Z",,,,
"2","258","37.343779","-121.896307","-5.400000095367432","150.3000030517578","4","11.75","2012-08-02T03:10:01.000Z",,,,
"2","259","37.343667","-121.896226","-6.300000190734863","150.10000610351563","4","11.75","2012-08-02T03:10:02.000Z",,,,
"2","260","37.343553","-121.896129","-6.5","149.60000610351563","4","12.25","2012-08-02T03:10:03.000Z",,,,
"2","261","37.343436","-121.896095","-7.199999809265137","150.10000610351563","4","11.5","2012-08-02T03:10:04.000Z",,,,
"2","262","37.343348","-121.89602","-6.900000095367432","148.60000610351563","5","11.5","2012-08-02T03:10:05.000Z",,,,
"2","263","37.343268","-121.895964","-6.199999809265137","149.8000030517578","4","10.75","2012-08-02T03:10:06.000Z",,,,
"2","264","37.343185","-121.895903","-6.300000190734863","149.8000030517578","6","10.75","2012-08-02T03:10:07.000Z",,,,
"2","265","37.343132","-121.895849","-5.699999809265137","149.8000030517578","5","9.5","2012-08-02T03:10:08.000Z",,,,
"2","266","37.343083","-121.895817","-6.699999809265137","149.6999969482422","5","8.75","2012-08-02T03:10:09.000Z",,,,
"2","267","37.342985","-121.895746","-5.5","150.3000030517578","5","9.5","2012-08-02T03:10:10.000Z",,,,
"2","268","37.342881","-121.895681","-6.0","151.1999969482422","5","9.75","2012-08-02T03:10:11.000Z",,,,
"2","269","37.342804","-121.895628","-6.0","151.1999969482422","7","9.75","2012-08-02T03:10:12.000Z",,,,
"2","270","37.342719","-121.895587","-6.699999809265137","153.60000610351563","5","10.5","2012-08-02T03:10:13.000Z",,,,
"2","271","37.342659","-121.895482","-7.300000190734863","148.5","4","10.5","2012-08-02T03:10:14.000Z",,,,
"2","272","37.342577","-121.89541","-7.400000095367432","148.0","4","10.5","2012-08-02T03:10:15.000Z",,,,
"2","273","37.342496","-121.895354","-7.199999809265137","148.89999389648438","4","10.5","2012-08-02T03:10:16.000Z",,,,
"2","274","37.342415","-121.895293","-7.099999904632568","148.60000610351563","4","10.5","2012-08-02T03:10:17.000Z",,,,
"2","275","37.342334","-121.89524","-6.800000190734863","149.10000610351563","4","10.5","2012-08-02T03:10:18.000Z",,,,
"2","276","37.342253","-121.895169","-6.800000190734863","148.10000610351563","5","10.5","2012-08-02T03:10:19.000Z",,,,
"2","277","37.342173","-121.895113","-6.800000190734863","149.3000030517578","5","10.5","2012-08-02T03:10:20.000Z",,,,
"2","278","37.3421","-121.895052","-6.5","147.5","5","10.5","2012-08-02T03:10:21.000Z",,,,
"2","279","37.342021","-121.89498","-6.199999809265137","145.60000610351563","5","10.5","2012-08-02T03:10:22.000Z",,,,
"2","280","37.34194","-121.894901","-6.0","145.8000030517578","5","10.5","2012-08-02T03:10:23.000Z",,,,
"2","281","37.341871","-121.894843","-5.599999904632568","144.8000030517578","5","10.25","2012-08-02T03:10:24.000Z",,,,
"2","282","37.341793","-121.894782","-5.599999904632568","146.10000610351563","6","10.25","2012-08-02T03:10:25.000Z",,,,
"2","283","37.341721","-121.894721","-5.599999904632568","146.60000610351563","7","10.25","2012-08-02T03:10:26.000Z",,,,
"2","284","37.341645","-121.894666","-5.400000095367432","148.6999969482422","7","10.25","2012-08-02T03:10:27.000Z",,,,
"2","285","37.341565","-121.894597","-5.599999904632568","149.60000610351563","8","10.25","2012-08-02T03:10:28.000Z",,,,
"2","286","37.34149","-121.894503","-6.0","148.0","8","10.25","2012-08-02T03:10:29.000Z",,,,
"2","287","37.341404","-121.894432","-6.0","148.10000610351563","9","10.25","2012-08-02T03:10:30.000Z",,,,
"2","288","37.341336","-121.894363","-6.0","147.39999389648438","9","10","2012-08-02T03:10:31.000Z",,,,
"2","289","37.341209","-121.894316","-6.300000190734863","150.10000610351563","8","10","2012-08-02T03:10:32.000Z",,,,
"2","290","37.341138","-121.894256","-5.900000095367432","149.89999389648438","8","9.5131","2012-08-02T03:10:33.000Z",,,,
"2","291","37.341037","-121.894186","-5.199999809265137","148.6999969482422","8","9.25","2012-08-02T03:10:34.000Z",,,,
"2","292","37.340907","-121.894063","-3.799999952316284","148.5","6","8.5","2012-08-02T03:10:35.861Z",,,,
"2","293","37.340846","-121.894018","-3.700000047683716","148.5","6","7.75","2012-08-02T03:10:37.000Z",,,,
"2","294","37.340792","-121.893993","-3.0999999046325684","146.60000610351563","6","7.5","2012-08-02T03:10:38.000Z",,,,
"2","295","37.340729","-121.893956","-1.2999999523162842","144.1999969482422","6","5.5","2012-08-02T03:10:40.000Z",,,,
"2","296","37.340677","-121.893932","1.100000023841858","149.1999969482422","6","4.75","2012-08-02T03:10:41.000Z",,,,
"2","297","37.340608","-121.893896","2.299999952316284","153.10000610351563","5","4.5","2012-08-02T03:10:42.000Z",,,,
"2","298","37.340522","-121.89385","4.0","153.0","5","4","2012-08-02T03:10:44.000Z",,,,
"2","299","37.340477","-121.893823","4.099999904632568","156.5","5","4.0311","2012-08-02T03:10:45.000Z",,,,
"2","300","37.340436","-121.893792","4.5","146.8000030517578","5","3.75","2012-08-02T03:10:46.000Z",,,,
"2","301","37.340372","-121.893749","3.5999999046325684","147.6999969482422","5","3.5","2012-08-02T03:10:47.000Z",,,,
"2","302","37.340301","-121.893728","2.9000000953674316","165.39999389648438","5","2.7951","2012-08-02T03:10:49.000Z",,,,
"2","303","37.34024","-121.893693","0.6000000238418579","151.60000610351563","5","2","2012-08-02T03:10:51.000Z",,,,
"2","304","37.340197","-121.893653","-1.5","139.39999389648438","5","1","2012-08-02T03:10:54.000Z",,,,
"2","305","37.34015","-121.893604","-2.4000000953674316","135.39999389648438","5","2.25","2012-08-02T03:10:57.000Z",,,,
"2","306","37.340105","-121.893561","-2.0999999046325684","138.3000030517578","5","2","2012-08-02T03:10:59.000Z",,,,
"2","307","37.34006","-121.893517","-1.399999976158142","140.60000610351563","4","1.75","2012-08-02T03:11:01.000Z",,,,
"2","308","37.340028","-121.893474","0.699999988079071","125.4000015258789","4","1.25","2012-08-02T03:11:03.000Z",,,,
"2","309","37.339988","-121.893393","0.5","109.69999694824219","4","1.75","2012-08-02T03:11:06.000Z",,,,
"2","310","37.339971","-121.893337","0.6000000238418579","97.19999694824219","4","1.5","2012-08-02T03:11:08.000Z",,,,
"2","311","37.339961","-121.893271","-0.10000000149011612","87.80000305175781","5","1.5","2012-08-02T03:11:11.000Z",,,,
"2","312","37.339942","-121.893215","-2.4000000953674316","105.30000305175781","4","1.75","2012-08-02T03:11:13.000Z",,,,
"2","313","37.339924","-121.89315","-6.599999904632568","78.5999984741211","4","1.75","2012-08-02T03:11:16.000Z",,,,
"2","314","37.339916","-121.893071","-8.5","82.30000305175781","5","2","2012-08-02T03:11:19.000Z",,,,
"2","315","37.339957","-121.892983","-12.300000190734863","48.0","5","2.3049","2012-08-02T03:11:23.000Z",,,,
"2","316","37.339984","-121.892933","-11.699999809265137","62.099998474121094","4","2","2012-08-02T03:11:25.000Z",,,,
"2","317","37.340017","-121.892876","-11.5","61.29999923706055","5","2.5","2012-08-02T03:11:27.000Z",,,,
"2","318","37.340045","-121.89282","-11.300000190734863","59.70000076293945","6","2.5","2012-08-02T03:11:29.000Z",,,,
"2","319","37.340056","-121.892748","-11.100000381469727","79.80000305175781","4","2","2012-08-02T03:11:31.000Z",,,,
"2","320","37.340074","-121.89269","-10.5","66.30000305175781","4","2","2012-08-02T03:11:33.000Z",,,,
"2","321","37.340114","-121.892608","-9.0","72.4000015258789","4","1.75","2012-08-02T03:11:35.639Z",,,,
"2","322","37.340138","-121.892554","-9.300000190734863","84.5999984741211","4","1.25","2012-08-02T03:11:38.000Z",,,,
"2","323","37.340155","-121.892484","-8.300000190734863","102.0999984741211","4","1.25","2012-08-02T03:11:41.000Z",,,,
"2","324","37.340146","-121.892416","-3.299999952316284","130.60000610351563","3","2.6575","2012-08-02T03:11:44.000Z",,,,
"2","325","37.340123","-121.892346","-0.20000000298023224","138.0","4","2.7951","2012-08-02T03:11:46.000Z",,,,
"2","326","37.340087","-121.892282","-0.800000011920929","143.1999969482422","4","2.25","2012-08-02T03:11:48.000Z",,,,
"2","327","37.340051","-121.892195","-1.899999976158142","125.5999984741211","4","1.75","2012-08-02T03:11:51.000Z",,,,
"2","328","37.340027","-121.892144","-1.2999999523162842","141.3000030517578","4","2","2012-08-02T03:11:53.000Z",,,,
"2","329","37.339964","-121.892097","0.800000011920929","159.6999969482422","6","2.5","2012-08-02T03:11:56.000Z",,,,
"2","330","37.339888","-121.892062","2.4000000953674316","151.0","6","3.25","2012-08-02T03:11:58.000Z",,,,
"2","331","37.339825","-121.892037","2.700000047683716","150.8000030517578","6","2.75","2012-08-02T03:12:00.000Z",,,,
"2","332","37.339762","-121.892008","2.5999999046325684","154.89999389648438","5","2.75","2012-08-02T03:12:02.000Z",,,,
"2","333","37.339707","-121.891977","3.4000000953674316","153.8000030517578","5","2.7951","2012-08-02T03:12:04.000Z",,,,
"2","334","37.339653","-121.891937","3.200000047683716","147.1999969482422","4","2.75","2012-08-02T03:12:06.000Z",,,,
"2","335","37.339602","-121.891889","1.2999999523162842","148.10000610351563","4","3.2882","2012-08-02T03:12:08.000Z",,,,
"2","336","37.339527","-121.891833","-0.800000011920929","155.8000030517578","4","3.75","2012-08-02T03:12:10.000Z",,,,
"2","337","37.339484","-121.891804","-2.5999999046325684","153.5","4","3.7832","2012-08-02T03:12:11.000Z",,,,
"2","338","37.339439","-121.891774","-3.5999999046325684","153.10000610351563","4","4.25","2012-08-02T03:12:12.000Z",,,,
"2","339","37.339395","-121.891745","-4.300000190734863","153.1999969482422","4","4","2012-08-02T03:12:13.000Z",,,,
"2","340","37.339353","-121.891705","-6.099999904632568","147.6999969482422","4","4.25","2012-08-02T03:12:14.000Z",,,,
"2","341","37.339292","-121.891651","-6.400000095367432","145.3000030517578","5","3.5","2012-08-02T03:12:16.003Z",,,,
"2","342","37.339251","-121.891601","-7.5","142.39999389648438","4","3.5","2012-08-02T03:12:17.000Z",,,,
"2","343","37.339187","-121.891534","-9.399999618530273","148.1999969482422","4","3.5","2012-08-02T03:12:19.000Z",,,,
"2","344","37.339123","-121.891473","-8.100000381469727","148.3000030517578","4","3.5","2012-08-02T03:12:21.000Z",,,,
"2","345","37.339058","-121.891396","-7.800000190734863","145.8000030517578","4","3.5","2012-08-02T03:12:23.000Z",,,,
"2","346","37.338999","-121.891334","-7.599999904632568","146.1999969482422","4","3.75","2012-08-02T03:12:25.000Z",,,,
"2","347","37.33894","-121.891272","-6.5","145.89999389648438","4","3.75","2012-08-02T03:12:27.000Z",,,,
"2","348","37.338891","-121.891213","-6.599999904632568","141.6999969482422","4","3.5","2012-08-02T03:12:29.000Z",,,,
"2","349","37.33879","-121.891113","-5.900000095367432","148.5","5","3.5","2012-08-02T03:12:33.000Z",,,,
"2","350","37.338727","-121.891042","-5.099999904632568","134.0","4","2.75","2012-08-02T03:12:35.747Z",,,,
"2","351","37.338709","-121.890988","-3.5999999046325684","107.0","4","1.5811","2012-08-02T03:12:39.000Z",,,,
"2","352","37.338663","-121.891013","0.800000011920929","117.69999694824219","4","0.5","2012-08-02T03:12:49.000Z",,,,
"2","353","37.338618","-121.890989","0.0","117.69999694824219","6","0.5","2012-08-02T03:12:59.000Z",,,,
"2","354","37.338572","-121.890969","0.800000011920929","117.69999694824219","6","0.75","2012-08-02T03:13:04.000Z",,,,
"2","355","37.338515","-121.890938","1.2000000476837158","153.6999969482422","5","2","2012-08-02T03:13:08.000Z",,,,
"2","356","37.338466","-121.890907","0.10000000149011612","150.1999969482422","5","1.75","2012-08-02T03:13:10.000Z",,,,
"2","357","37.338398","-121.890865","-0.699999988079071","154.39999389648438","5","3","2012-08-02T03:13:12.000Z",,,,
"2","358","37.338319","-121.890815","1.399999976158142","153.89999389648438","5","3.25","2012-08-02T03:13:14.000Z",,,,
"2","359","37.338239","-121.890758","2.5999999046325684","149.89999389648438","5","3.5","2012-08-02T03:13:16.000Z",,,,
"2","360","37.338195","-121.890726","3.0999999046325684","149.89999389648438","4","3.75","2012-08-02T03:13:17.000Z",,,,
"2","361","37.338155","-121.890696","3.700000047683716","149.39999389648438","4","3.5","2012-08-02T03:13:18.000Z",,,,
"2","362","37.338084","-121.890643","3.799999952316284","149.5","4","3.25","2012-08-02T03:13:20.000Z",,,,
"2","363","37.338016","-121.890586","5.900000095367432","148.0","4","3.25","2012-08-02T03:13:22.000Z",,,,
"2","364","37.337945","-121.89052","5.5","147.6999969482422","4","3.75","2012-08-02T03:13:24.000Z",,,,
"2","365","37.337906","-121.890488","5.0","150.0","4","3.75","2012-08-02T03:13:25.000Z",,,,
"2","366","37.337863","-121.890461","5.5","154.3000030517578","4","3.75","2012-08-02T03:13:26.000Z",,,,
"2","367","37.337825","-121.890428","5.699999809265137","148.6999969482422","4","3.75","2012-08-02T03:13:27.000Z",,,,
"2","368","37.337762","-121.890383","4.800000190734863","149.3000030517578","4","3.25","2012-08-02T03:13:29.000Z",,,,
"2","369","37.337707","-121.890343","6.900000095367432","153.60000610351563","5","3","2012-08-02T03:13:31.000Z",,,,
"2","370","37.337659","-121.890299","7.5","145.39999389648438","6","3","2012-08-02T03:13:33.000Z",,,,
"2","371","37.337589","-121.890222","9.699999809265137","148.6999969482422","6","3","2012-08-02T03:13:35.728Z",,,,
"2","372","37.337539","-121.890154","10.600000381469727","139.5","8","3","2012-08-02T03:13:38.000Z",,,,
"2","373","37.33751","-121.890075","9.100000381469727","125.19999694824219","9","2.75","2012-08-02T03:13:40.000Z",,,,
"2","374","37.337482","-121.890017","10.300000190734863","139.10000610351563","8","2.5","2012-08-02T03:13:42.000Z",,,,
"2","375","37.337433","-121.889966","11.0","144.3000030517578","8","2.25","2012-08-02T03:13:45.000Z",,,,
"2","376","37.33739","-121.889937","11.899999618530273","154.8000030517578","8","2","2012-08-02T03:13:48.000Z",,,,
"2","377","37.337341","-121.8899","12.300000190734863","142.5","8","2.5","2012-08-02T03:13:50.000Z",,,,
"2","378","37.337254","-121.889833","11.0","143.89999389648438","8","3.25","2012-08-02T03:13:52.000Z",,,,
"2","379","37.337206","-121.889796","11.600000381469727","144.6999969482422","8","3","2012-08-02T03:13:53.000Z",,,,
"2","380","37.337163","-121.889755","11.800000190734863","136.6999969482422","8","2.75","2012-08-02T03:13:54.000Z",,,,
"2","381","37.33712","-121.889714","10.399999618530273","137.89999389648438","7","2.75","2012-08-02T03:13:55.000Z",,,,
"2","382","37.337079","-121.88968","11.0","135.6999969482422","7","2.25","2012-08-02T03:13:56.000Z",,,,
"2","383","37.337036","-121.88965","9.899999618530273","141.6999969482422","7","2.5","2012-08-02T03:13:57.000Z",,,,
"2","384","37.336994","-121.889624","9.800000190734863","144.60000610351563","7","2.75","2012-08-02T03:13:58.000Z",,,,
"2","385","37.336942","-121.889583","9.300000190734863","132.3000030517578","6","2","2012-08-02T03:14:00.000Z",,,,
"2","386","37.3369","-121.889557","10.199999809265137","149.3000030517578","6","1.75","2012-08-02T03:14:02.000Z",,,,
"2","387","37.336852","-121.889521","10.5","125.4000015258789","6","1","2012-08-02T03:14:06.000Z",,,,
"2","388","37.336801","-121.889478","12.0","137.5","6","1.3463","2012-08-02T03:14:09.000Z",,,,
"2","389","37.336717","-121.88944","12.899999618530273","147.0","7","1.75","2012-08-02T03:14:11.000Z",,,,
"2","390","37.336484","-121.88937","12.5","151.10000610351563","7","2","2012-08-02T03:14:12.000Z",,,,
"2","391","37.336434","-121.889348","11.199999809265137","152.1999969482422","7","2.25","2012-08-02T03:14:13.000Z",,,,
"2","392","37.33639","-121.889326","10.899999618530273","151.60000610351563","7","2.5","2012-08-02T03:14:14.000Z",,,,
"2","393","37.336313","-121.889293","9.800000190734863","155.10000610351563","6","2.25","2012-08-02T03:14:16.000Z",,,,
"2","394","37.33625","-121.889254","9.5","147.3000030517578","6","1.75","2012-08-02T03:14:18.000Z",,,,
"2","395","37.336192","-121.889217","10.800000190734863","143.39999389648438","6","1.5","2012-08-02T03:14:20.000Z",,,,
"2","396","37.336142","-121.889179","11.0","142.1999969482422","5","1.25","2012-08-02T03:14:22.000Z",,,,
"2","397","37.336101","-121.889148","10.399999618530273","138.8000030517578","5","0.75","2012-08-02T03:14:24.000Z",,,,
"2","398","37.336057","-121.889127","8.5","138.8000030517578","6","0.5","2012-08-02T03:14:27.000Z",,,,
"2","399","37.336015","-121.889094","4.300000190734863","138.8000030517578","6","0.25","2012-08-02T03:14:32.000Z",,,,
"2","400","37.335978","-121.889137","-8.899999618530273","0.0","6","0","2012-08-02T03:15:31.000Z",,,,
"2","401","37.335924","-121.889118","-14.399999618530273","155.0","5","2","2012-08-02T03:16:21.000Z",,,,
"2","402","37.335889","-121.88907","-13.699999809265137","147.8000030517578","7","2","2012-08-02T03:16:23.000Z",,,,
"2","403","37.335859","-121.889026","-12.199999809265137","139.6999969482422","10","1.75","2012-08-02T03:16:25.000Z",,,,
"2","404","37.335822","-121.888987","-11.300000190734863","150.8000030517578","10","2","2012-08-02T03:16:27.000Z",,,,
"2","405","37.335778","-121.88895","-8.800000190734863","147.8000030517578","9","2.25","2012-08-02T03:16:29.000Z",,,,
"2","406","37.335729","-121.888909","-6.599999904632568","142.89999389648438","9","2.5","2012-08-02T03:16:31.000Z",,,,
"2","407","37.335665","-121.888859","-5.400000095367432","149.0","9","3.25","2012-08-02T03:16:33.000Z",,,,
"2","408","37.335583","-121.888782","-8.899999618530273","141.5","9","3.25","2012-08-02T03:16:35.673Z",,,,
"2","409","37.335547","-121.888742","-9.0","143.89999389648438","10","3.5","2012-08-02T03:16:37.000Z",,,,
"2","410","37.335513","-121.888686","-8.5","133.6999969482422","9","2","2012-08-02T03:16:39.000Z",,,,
"2","411","37.335494","-121.888623","-9.800000190734863","118.30000305175781","9","2.25","2012-08-02T03:16:41.000Z",,,,
"2","412","37.33548","-121.888561","-11.199999809265137","128.6999969482422","8","2.25","2012-08-02T03:16:43.000Z",,,,
"2","413","37.335439","-121.888506","-13.699999809265137","149.1999969482422","8","2.75","2012-08-02T03:16:45.000Z",,,,
"2","414","37.335233","-121.888415","-15.5","153.8000030517578","8","3.25","2012-08-02T03:16:46.000Z",,,,
"2","415","37.335179","-121.888372","-17.200000762939453","145.5","8","3","2012-08-02T03:16:47.000Z",,,,
"2","416","37.335119","-121.888323","-15.199999809265137","152.60000610351563","8","2","2012-08-02T03:16:49.000Z",,,,
"2","417","37.335072","-121.888288","-12.899999618530273","154.8000030517578","7","1.25","2012-08-02T03:16:51.000Z",,,,
"2","418","37.335007","-121.888248","-10.199999809265137","147.89999389648438","6","3","2012-08-02T03:16:53.000Z",,,,
"2","419","37.334944","-121.888223","-14.0","146.60000610351563","8","2.9262","2012-08-02T03:16:55.000Z",,,,
"2","420","37.334877","-121.888192","-11.600000381469727","152.0","7","2.5","2012-08-02T03:16:57.000Z",,,,
"2","421","37.334818","-121.888162","-10.800000190734863","160.10000610351563","8","2.5","2012-08-02T03:16:59.000Z",,,,
"2","422","37.334751","-121.888132","-11.399999618530273","160.10000610351563","11","3","2012-08-02T03:17:01.000Z",,,,
"2","423","37.334695","-121.888102","-11.300000190734863","150.8000030517578","13","2.25","2012-08-02T03:17:03.000Z",,,,
"2","424","37.334647","-121.888063","-9.5","142.8000030517578","13","2.5","2012-08-02T03:17:05.000Z",,,,
"2","425","37.334606","-121.888025","-7.0","141.0","14","2.25","2012-08-02T03:17:07.000Z",,,,
"2","426","37.334549","-121.887981","-3.5999999046325684","143.1999969482422","13","2.75","2012-08-02T03:17:09.000Z",,,,
"2","427","37.334497","-121.887916","-7.0","134.5","12","2.75","2012-08-02T03:17:11.000Z",,,,
"2","428","37.334452","-121.88785","-6.5","129.8000030517578","11","2.3049","2012-08-02T03:17:13.000Z",,,,
"2","429","37.334413","-121.887792","-5.699999809265137","138.3000030517578","10","2.0616","2012-08-02T03:17:15.000Z",,,,
"2","430","37.334367","-121.887737","-5.0","142.1999969482422","9","1.5811","2012-08-02T03:17:18.000Z",,,,
"2","431","37.334327","-121.887694","-7.0","145.0","8","3","2012-08-02T03:17:20.000Z",,,,
"2","432","37.334283","-121.88765","-6.699999809265137","147.10000610351563","8","2.5","2012-08-02T03:17:22.000Z",,,,
"2","433","37.334244","-121.8876","-6.0","130.89999389648438","8","2","2012-08-02T03:17:24.000Z",,,,
"2","434","37.334205","-121.887566","-4.900000095367432","143.10000610351563","8","1.5","2012-08-02T03:17:26.000Z",,,,
"2","435","37.334151","-121.887543","-0.5","159.1999969482422","8","1.3463","2012-08-02T03:17:29.000Z",,,,
"2","436","37.334074","-121.887522","-1.600000023841858","160.5","7","1.25","2012-08-02T03:17:32.000Z",,,,
"2","437","37.333997","-121.887487","-3.0","151.60000610351563","8","1.25","2012-08-02T03:17:34.000Z",,,,
"2","438","37.333928","-121.887455","-2.4000000953674316","149.0","8","1","2012-08-02T03:17:35.990Z",,,,
"2","439","37.333881","-121.887435","-1.600000023841858","166.3000030517578","7","0.5","2012-08-02T03:17:38.000Z",,,,
"2","440","37.333835","-121.887417","4.0","166.3000030517578","5","0.25","2012-08-02T03:17:42.000Z",,,,
"2","441","37.333801","-121.887328","6.800000190734863","0.0","6","0","2012-08-02T03:17:46.000Z",,,,
"2","442","37.333801","-121.887271","7.199999809265137","0.0","7","0","2012-08-02T03:17:53.000Z",,,,
"2","443","37.333773","-121.887194","7.300000190734863","144.60000610351563","5","2.5","2012-08-02T03:18:08.000Z",,,,
"2","444","37.333718","-121.887136","11.600000381469727","140.0","5","2.5","2012-08-02T03:18:10.000Z",,,,
"2","445","37.333655","-121.88709","14.899999618530273","163.3000030517578","5","2","2012-08-02T03:18:12.000Z",,,,
"2","446","37.333599","-121.887066","16.5","169.1999969482422","5","1.75","2012-08-02T03:18:14.000Z",,,,
"2","447","37.333559","-121.887028","19.5","130.1999969482422","5","1.5","2012-08-02T03:18:16.000Z",,,,
"2","448","37.333533","-121.886978","21.5","129.5","5","1.75","2012-08-02T03:18:18.000Z",,,,
"2","449","37.33349","-121.886918","20.5","164.10000610351563","5","1.75","2012-08-02T03:18:21.000Z",,,,
"2","450","37.33345","-121.886881","22.799999237060547","150.1999969482422","5","2.0616","2012-08-02T03:18:23.000Z",,,,
"2","451","37.333402","-121.88686","23.0","161.60000610351563","5","2.25","2012-08-02T03:18:25.000Z",,,,
"2","452","37.333342","-121.886844","25.299999237060547","164.3000030517578","7","2.3049","2012-08-02T03:18:27.000Z",,,,
"2","453","37.333294","-121.886847","25.0","161.0","10","1.82","2012-08-02T03:18:29.000Z",,,,
"2","454","37.333236","-121.886833","25.100000381469727","155.3000030517578","14","3","2012-08-02T03:18:31.000Z",,,,
"2","455","37.333183","-121.88679","24.5","135.6999969482422","16","3.5","2012-08-02T03:18:33.000Z",,,,
"2","456","37.333142","-121.886757","23.5","139.5","17","4","2012-08-02T03:18:34.000Z",,,,
"2","457","37.333023","-121.886646","22.200000762939453","143.3000030517578","15","3.75","2012-08-02T03:18:37.000Z",,,,
"2","458","37.332953","-121.886586","21.600000381469727","143.10000610351563","12","3.25","2012-08-02T03:18:39.000Z",,,,
"2","459","37.332869","-121.886554","22.5","147.1999969482422","11","3.25","2012-08-02T03:18:41.000Z",,,,
"2","460","37.332793","-121.886521","21.899999618530273","142.0","10","3.0414","2012-08-02T03:18:43.000Z",,,,
"2","461","37.33273","-121.886489","21.899999618530273","137.1999969482422","9","2.7951","2012-08-02T03:18:45.000Z",,,,
"2","462","37.332653","-121.886424","18.899999618530273","139.0","9","3.5","2012-08-02T03:18:47.000Z",,,,
"2","463","37.332597","-121.886384","17.700000762939453","146.8000030517578","9","3.75","2012-08-02T03:18:48.000Z",,,,
"2","464","37.33254","-121.886343","16.799999237060547","147.1999969482422","8","3.5","2012-08-02T03:18:49.000Z",,,,
"2","465","37.332296","-121.886232","14.899999618530273","153.5","8","3.75","2012-08-02T03:18:50.000Z",,,,
"2","466","37.332236","-121.886234","14.399999618530273","162.6999969482422","8","3.75","2012-08-02T03:18:51.000Z",,,,
"2","467","37.332154","-121.886222","13.699999809265137","173.60000610351563","7","3.25","2012-08-02T03:18:53.000Z",,,,
"2","468","37.332066","-121.886251","10.0","181.10000610351563","6","3.25","2012-08-02T03:18:55.000Z",,,,
"2","469","37.332005","-121.886288","9.300000190734863","192.89999389648438","5","2.25","2012-08-02T03:18:57.000Z",,,,
"2","470","37.331946","-121.886326","8.699999809265137","200.39999389648438","5","2.25","2012-08-02T03:18:59.000Z",,,,
"2","471","37.331904","-121.886373","8.300000190734863","223.3000030517578","4","2.25","2012-08-02T03:19:01.000Z",,,,
"2","472","37.331864","-121.886433","9.0","227.39999389648438","5","2.75","2012-08-02T03:19:03.000Z",,,,
"2","473","37.331824","-121.886518","9.0","235.60000610351563","4","3.5","2012-08-02T03:19:05.000Z",,,,
"2","474","37.331785","-121.886597","9.300000190734863","237.39999389648438","4","3.5","2012-08-02T03:19:07.000Z",,,,
"2","475","37.331743","-121.886676","8.399999618530273","236.8000030517578","4","3.5","2012-08-02T03:19:09.000Z",,,,
"2","476","37.331701","-121.886755","7.0","235.3000030517578","4","3.75","2012-08-02T03:19:11.000Z",,,,
"2","477","37.331655","-121.886848","6.599999904632568","238.8000030517578","4","4.5","2012-08-02T03:19:13.000Z",,,,
"2","478","37.331634","-121.886898","5.699999809265137","241.89999389648438","4","4.5","2012-08-02T03:19:14.000Z",,,,
"2","479","37.331608","-121.88695","4.900000095367432","239.5","4","4.5","2012-08-02T03:19:15.000Z",,,,
"2","480","37.331566","-121.887041","3.799999952316284","239.0","4","4","2012-08-02T03:19:17.000Z",,,,
"2","481","37.33153","-121.887131","2.0999999046325684","245.3000030517578","4","4","2012-08-02T03:19:19.000Z",,,,
"2","482","37.331493","-121.887209","0.699999988079071","240.6999969482422","4","3.5","2012-08-02T03:19:21.000Z",,,,
"2","483","37.331458","-121.887301","0.4000000059604645","245.6999969482422","4","4.25","2012-08-02T03:19:23.000Z",,,,
"2","484","37.331401","-121.887451","1.2999999523162842","238.39999389648438","5","5.75","2012-08-02T03:19:25.000Z",,,,
"2","485","37.331372","-121.887515","2.5","238.1999969482422","7","6","2012-08-02T03:19:26.000Z",,,,
"2","486","37.331331","-121.887593","3.5","238.60000610351563","8","6.75","2012-08-02T03:19:27.000Z",,,,
"2","487","37.331285","-121.887685","4.599999904632568","239.39999389648438","9","7.5","2012-08-02T03:19:28.000Z",,,,
"2","488","37.331236","-121.887809","5.199999809265137","239.3000030517578","10","8.5","2012-08-02T03:19:29.000Z",,,,
"2","489","37.331194","-121.887901","5.5","238.60000610351563","11","8.75","2012-08-02T03:19:30.000Z",,,,
"2","490","37.331143","-121.888005","4.800000190734863","238.39999389648438","11","9.25","2012-08-02T03:19:31.000Z",,,,
"2","491","37.331086","-121.888109","4.900000095367432","235.60000610351563","11","9.75","2012-08-02T03:19:32.000Z",,,,
"2","492","37.331028","-121.888192","6.699999809265137","235.1999969482422","12","9.75","2012-08-02T03:19:33.000Z",,,,
"2","493","37.330979","-121.888287","8.399999618530273","236.39999389648438","11","9.5","2012-08-02T03:19:34.000Z",,,,
"2","494","37.330901","-121.888437","9.399999618530273","239.1999969482422","8","9","2012-08-02T03:19:35.663Z",,,,
"2","495","37.330847","-121.888554","9.399999618530273","241.3000030517578","7","8.75","2012-08-02T03:19:37.000Z",,,,
"2","496","37.33081","-121.888629","9.699999809265137","237.60000610351563","7","8.5147","2012-08-02T03:19:38.000Z",,,,
"2","497","37.330766","-121.888724","9.600000381469727","237.0","6","9.0139","2012-08-02T03:19:39.000Z",,,,
"2","498","37.330722","-121.888808","9.899999618530273","237.60000610351563","6","8.7643","2012-08-02T03:19:40.000Z",,,,
"2","499","37.330668","-121.888889","9.300000190734863","235.10000610351563","6","9.25","2012-08-02T03:19:41.000Z",,,,
"2","500","37.330624","-121.889","10.100000381469727","235.1999969482422","5","9.5","2012-08-02T03:19:42.000Z",,,,
"2","501","37.330577","-121.889094","10.300000190734863","236.39999389648438","5","9.25","2012-08-02T03:19:43.000Z",,,,
"2","502","37.330529","-121.889178","10.100000381469727","236.3000030517578","4","9.0139","2012-08-02T03:19:44.000Z",,,,
"2","503","37.330493","-121.889279","10.0","239.8000030517578","4","8.75","2012-08-02T03:19:45.000Z",,,,
"2","504","37.330448","-121.889426","9.800000190734863","242.1999969482422","5","9.75","2012-08-02T03:19:46.000Z",,,,
"2","505","37.330396","-121.889542","8.100000381469727","243.3000030517578","6","10","2012-08-02T03:19:47.000Z",,,,
"2","506","37.330361","-121.889637","7.099999904632568","242.8000030517578","6","9","2012-08-02T03:19:48.000Z",,,,
"2","507","37.330335","-121.889738","5.400000095367432","242.39999389648438","5","8.75","2012-08-02T03:19:49.000Z",,,,
"2","508","37.330297","-121.889828","5.199999809265137","242.39999389648438","7","8.75","2012-08-02T03:19:50.000Z",,,,
"2","509","37.330256","-121.88987","6.0","238.39999389648438","5","7.75","2012-08-02T03:19:51.000Z",,,,
"2","510","37.33023","-121.889967","4.900000095367432","238.8000030517578","4","7.75","2012-08-02T03:19:52.000Z",,,,
"2","511","37.330199","-121.890039","4.5","239.1999969482422","4","7.25","2012-08-02T03:19:53.000Z",,,,
"2","512","37.330167","-121.890089","5.599999904632568","240.1999969482422","4","6.5","2012-08-02T03:19:54.000Z",,,,
"2","513","37.330138","-121.890151","6.699999809265137","236.8000030517578","4","6","2012-08-02T03:19:55.000Z",,,,
"2","514","37.330084","-121.890222","7.300000190734863","227.60000610351563","4","3.75","2012-08-02T03:19:57.000Z",,,,
"2","515","37.330029","-121.890296","9.800000190734863","230.89999389648438","4","4.272","2012-08-02T03:19:59.000Z",,,,
"2","516","37.330015","-121.890372","8.699999809265137","253.1999969482422","4","3.5795","2012-08-02T03:20:01.000Z",,,,
"2","517","37.330015","-121.890434","7.0","262.5","5","2.3049","2012-08-02T03:20:03.000Z",,,,
"2","518","37.329968","-121.890466","4.099999904632568","222.10000610351563","6","1","2012-08-02T03:20:06.000Z",,,,
"2","519","37.329907","-121.890452","3.0","120.0","8","2.6575","2012-08-02T03:20:10.000Z",,,,
"2","520","37.329871","-121.890402","5.699999809265137","152.6999969482422","9","0.9014","2012-08-02T03:20:13.000Z",,,,
"2","521","37.329833","-121.890355","16.0","152.6999969482422","8","0.7071","2012-08-02T03:20:17.000Z",,,,
"2","522","37.329861","-121.890308","15.5","0.0","5","0","2012-08-02T03:20:24.000Z",,,,
"2","523","37.329907","-121.89033","15.100000381469727","0.0","6","0","2012-08-02T03:20:29.000Z",,,,
"2","524","37.329857","-121.890335","14.100000381469727","0.0","5","0","2012-08-02T03:20:38.000Z",,,,
"2","525","37.329805","-121.890306","16.5","0.0","6","0","2012-08-02T03:20:54.000Z",,,,
"2","526","37.329848","-121.890334","18.0","0.0","8","0","2012-08-02T03:21:14.000Z",,,,
"2","527","37.329823","-121.890385","20.100000381469727","0.0","7","0","2012-08-02T03:24:45.000Z",,,,
"2","528","37.329777","-121.890394","28.399999618530273","0.0","7","0","2012-08-02T03:26:47.000Z",,,,
"2","529","37.329823","-121.89038","30.299999237060547","0.0","9","0","2012-08-02T03:27:18.000Z",,,,
"2","530","37.329775","-121.890361","27.799999237060547","0.0","7","0","2012-08-02T03:28:35.000Z",,,,
"2","531","37.329828","-121.890372","20.799999237060547","335.6000061035156","7","1.118","2012-08-02T03:33:25.000Z",,,,
